Name,Funding,Specialty,Province
Bang Khun Thian Hospital,Public,Geriatrics,Bangkok
Bangkok Metropolitan Administration General Hospital (Klang Hospital),Public,,Bangkok
Bangkok Metropolitan Administration Lat Krabang Hospital,Public,,Bangkok
Banphaeo Hospital (Prommitr),Public,,Bangkok
Bhumibol Adulyadej Hospital,Public,,Bangkok
Burachat Chaiyakorn Hospital,Public,,Bangkok
Central Correctional Hospital,Public,,Bangkok
Central Women's Correctional Institution Medical Centre,Public,,Bangkok
Charoenkrung Pracharak Hospital,Public,,Bangkok
Chulabhorn Hospital,Public,Oncology,Bangkok
Galaya Rajanakarindra Institute,Public,Psychiatry,Bangkok
"Health Promotion Hospital, 1st Regional Health Promotion Center",Public,,Bangkok
Hospital for Tropical Diseases,Public,Tropical diseases,Bangkok
"Hospital of the Faculty of Dentistry, Chulalongkorn University",Public,Dentistry,Bangkok
Institute of Dermatology,Public,Dermatology,Bangkok
King Chulalongkorn Memorial Hospital,Public,,Bangkok
Lerdsin Hospital,Public,,Bangkok
Luang Pho Taweesak Hospital,Public,,Bangkok
Medical Correctional Institution,Public,,Bangkok
Metropolitan Electricity Authority Hospital,Public,,Bangkok
National Cancer Institute,Public,Oncology,Bangkok
Naval Bangkok Hospital,Public,,Bangkok
Naval Ordnance Hospital,Public,,Bangkok
Nopparat Rajathanee Hospital,Public,,Bangkok
Phramongkutklao Hospital,Public,,Bangkok
Police General Hospital,Public,,Bangkok
Prasarnmit Hospital,Public,,Bangkok
Prasat Neurological Institute,Public,Neurology,Bangkok
Priest Hospital,Public,,Bangkok
Queen Sirikit National Institute of Child Health,Public,Paediatrics,Bangkok
Rajanukul Institute,Public,Psychiatry,Bangkok
Rajavithi Hospital,Public,,Bangkok
Ramathibodi Hospital,Public,,Bangkok
Ramathibodi Chakri Naruebodindra Hospital (Chakri Naruebodindra Medical Institute),Public,,Samut Prakan
Ratchaphiphat Hospital,Public,,Bangkok
Sirindhorn Hospital,Public,,Bangkok
Siriraj Hospital,Public,,Bangkok
Siriraj Piyamaharajkarun Hospital,Public,,Bangkok
Somdet Phra Pinklao Hospital,Public,,Bangkok
Somdet Chaopraya Institute of Psychiatry,Public,Psychiatry,Bangkok
Taksin Hospital,Public,,Bangkok
Thai Red Cross Relief and Public Health Bureau,Public,,Bangkok
Thailand Tobacco Monopoly Hospital,Public,,Bangkok
Vajira Hospital,Public,,Bangkok
Veterans General Hospital,Public,,Bangkok
Wetchakarunrasm Hospital,Public,,Bangkok
Asoke Skin Hospital,Private,,Bangkok
B.Care Medical Center,Private,,Bangkok
Bang Phai Hospital,Private,,Bangkok
Bangkhunthian Health Center,Private,,Bangkok
Bangkok Adventist Hospital,Private,,Bangkok
Bangkok Cancer Center Hospital,Private,,Bangkok
Bangkok Christian Hospital,Private,,Bangkok
Bangkok Heart Hospital,Private,,Bangkok
Bangkok Hospital,Private,,Bangkok
Bangkok International Hospital,Private,,Bangkok
Bangmod 3 Hospital,Private,,Bangkok
Bangmod Hospital,Private,,Bangkok
Bangna General Hospital,Private,,Bangkok
Bangpakok 1 Hospital,Private,,Bangkok
Bangpakok 2 Hospital,Private,,Bangkok
Bangpakok 8 Hospital,Private,,Bangkok
Bangpakok 9 International Hospital,Private,,Bangkok
Bangpo General Hospital,Private,,Bangkok
Better Being Hospital,Private,,Bangkok
Bhumirajanakarindra Kidney Institute Hospital,Private,,Bangkok
BNH Hospital,Private,,Bangkok
Bumrungrad International Hospital,Private,,Bangkok
Camillian Hospital,Private,,Bangkok
Central General Hospital,Private,,Bangkok
Chaophya Hospital,Private,,Bangkok
Chinkate Medical Center and Nursing Home,Private,,Bangkok
Decha Hospital,Private,,Bangkok
Dr. Panya General Hospital,Private,,Bangkok
Eye Ear Nose Throat Hospital,Private,,Bangkok
Golden Years Hospital,Private,,Bangkok
Hua Chiew Hospital,Private,,Bangkok
Jetanin Institute for Assisted Reproduction,Private,,Bangkok
Kasemrad Hospital Bangkae,Private,,Bangkok
Kasemrad Hospital Prachachuen,Private,,Bangkok
Kasemrad Hospital Sukhapibal 3,Private,,Bangkok
Klongtun Medical Center,Private,,Bangkok
Kluaynamthai 2 Nursing Home,Private,,Bangkok
Kluaynamthai Hospital,Private,,Bangkok
Krungdhon 1 Hospital,Private,,Bangkok
Krungdhon 2 Hospital,Private,,Bangkok
Kwongsiew Foundation Hospital,Private,,Bangkok
Kamol Cosmetic Hospital,Private,Cosmetic,Bangkok
Karunapitak Hospital,Private,,Bangkok
Ladprao General Hospital,Private,,Bangkok
Mahesak Hospital,Private,,Bangkok
Manarom Hospital,Private,,Bangkok
Mayo Hospital (Thailand),Private,,Bangkok
Mongkutwattana General Hospital,Private,,Bangkok
Nakornthon Hospital,Private,,Bangkok
Nan-ah Polyclinic,Private,,Bangkok
Navaminthra 9 Hospital,Private,,Bangkok
Navaminthra Hospital,Private,,Bangkok
Navasri Nursing Home Hospital,Private,,Bangkok
Nawamin 2 Hospital,Private,,Bangkok
Paolo Memorial Hospital Chokchai 4,Private,,Bangkok
Paolo Memorial Hospital Nawamin,Private,,Bangkok
Paolo Memorial Hospital Phaholyothin,Private,,Bangkok
Passarapiban Nursing Home,Private,,Bangkok
Petchakasem 2 Hospital,Private,,Bangkok
Petcharavej Hospital,Private,,Bangkok
Phyathai 1 Hospital,Private,,Bangkok
Phyathai 2 Hospital,Private,,Bangkok
Phyathai 3 Hospital,Private,,Bangkok
Piyavate Hospital,Private,,Bangkok
Praram 2 Hospital,Private,,Bangkok
Praram 9 Hospital,Private,,Bangkok
Rajburana Hospital,Private,,Bangkok
Ramkhamhaeng Hospital,Private,,Bangkok
Ratchada-Tha Phra Health Centre,Private,,Bangkok
Rutnin Eye Hospital,Private,,Bangkok
Saimai Hospital,Private,,Bangkok
Saint Louis Hospital,Private,,Bangkok
Samitivej Srinakarin Hospital,Private,,Bangkok
Samitivej Sukhumvit Hospital,Private,,Bangkok
Seriruk Hospital,Private,,Bangkok
Sikarin Hospital,Private,,Bangkok
Srivichai 2 Hospital,Private,,Bangkok
Srivichai Hospital,Private,,Bangkok
Sukavet Nursing Home,Private,,Bangkok
Sukhumvit Hospital,Private,,Bangkok
Sutthisan Hospital,Private,,Bangkok
Synphaet Hospital,Private,,Bangkok
Thai Eye Center,Private,,Bangkok
Thainakarin Hospital,Private,,Bangkok
The Senior Health Care,Private,,Bangkok
The Senior Health Care Ratchadaphisek,Private,,Bangkok
Theptarin Hospital,Private,,Bangkok
Thian Fah Foundation Hospital,Private,,Bangkok
Thonburi Hospital,Private,,Bangkok
Thonburi 2 Hospital,Private,,Bangkok
Vejthani Hospital,Private,,Bangkok
Vibharam Hospital,Private,,Bangkok
Vibhavadi Hospital,Private,,Bangkok
Vichaiyut Chronic Care Centre,Private,,Bangkok
Vichaiyut Hospital,Private,,Bangkok
Vichaiyut Medical Center,Private,,Bangkok
Wattanosoth Cancer hospital,Private,,Bangkok
Yanhee Hospital,Private,,Bangkok
Yaowarak Hospital,Private,,Bangkok
Yotse Hospital,Private,,Bangkok
Amnat Charoen Hospital,Public,,Amnat Charoen
Chanuman Hospital,Public,,Amnat Charoen
Hua Taphan Hospital,Public,,Amnat Charoen
Lue Amnat Hospital,Public,,Amnat Charoen
Pathum Ratchawongsa Hospital,Public,,Amnat Charoen
Phana Hospital,Public,,Amnat Charoen
Senangkhanikhom Hospital,Public,,Amnat Charoen
Ang Thong Hospital,Public,,Ang Thong
Chaiyo Hospital,Public,,Ang Thong
Pa Mok Hospital,Public,,Ang Thong
Pho Thong Hospital,Public,,Ang Thong
Sam Ko Hospital,Public,,Ang Thong
Sawaeng Ha Hospital,Public,,Ang Thong
Wiset Chai Chan Hospital,Public,,Ang Thong
Ang Thong Wetchakan Hospital,Private,,Ang Thong
Phra Nakhon Si Ayutthaya Hospital,Public,,Ayutthaya
Ban Phraek Hospital,Public,,Ayutthaya
Bang Ban Hospital,Public,,Ayutthaya
Bang Pahan Hospital,Public,,Ayutthaya
Bang Pa-in Hospital,Public,,Ayutthaya
Bang Sai Hospital,Public,,Ayutthaya
Bang Sai Hospital,Public,,Ayutthaya
Explosives Factory Division Medical Center,Public,,Ayutthaya
Lat Bua Luang Hospital,Public,,Ayutthaya
Maha Rat Hospital,Public,,Ayutthaya
Phachi Hospital,Public,,Ayutthaya
Phak Hai Hospital,Public,,Ayutthaya
Sena Hospital,Public,,Ayutthaya
Somdet Phra Sangkharat Wassanamahatayra (Nakhon Luang) Hospital,Public,,Ayutthaya
Tha Ruea Hospital,Public,,Ayutthaya
Uthai Hospital,Public,,Ayutthaya
Wang Noi Hospital,Public,,Ayutthaya
Navanakorn Ayutthaya Hospital,Private,,Ayutthaya
NC Wellness & Medical Spa,Private,,Ayutthaya
Peravech Hospital,Private,,Ayutthaya
Rajthanee Hospital,Private,,Ayutthaya
Supamitr Sena Hospital,Private,,Ayutthaya
Bueng Kan Hospital,Public,,Bueng Kan
Bueng Khong Long Hospital,Public,,Bueng Kan
Bung Khla Hospital,Public,,Bueng Kan
Pak Khat Hospital,Public,,Bueng Kan
Phon Charoen Hospital,Public,,Bueng Kan
Seka Hospital,Public,,Bueng Kan
Si Wilai Hospital,Public,,Bueng Kan
So Phisai Hospital,Public,,Bueng Kan
Ban Dan Hospital,Public,,Buriram
Ban Kruat Hospital,Public,,Buriram
Ban Mai Chaiyaphot Hospital,Public,,Buriram
Buriram Hospital,Public,,Buriram
Chaloem Phrakiat Hospital,Public,,Buriram
Chamni Hospital,Public,,Buriram
Fort Somdetchaophrayamahakasatsuek Hospital,Public,,Buriram
Huai Rat Hospital,Public,,Buriram
Khaen Dong Hospital,Public,,Buriram
Khu Mueang Hospital,Public,,Buriram
Krasang Hospital,Public,,Buriram
Lahan Sai Hospital,Public,,Buriram
Lam Plai Mat Hospital,Public,,Buriram
Nang Rong Hospital,Public,,Buriram
Na Pho Hospital,Public,,Buriram
Non Din Daeng Hospital,Public,,Buriram
Non Suwan Hospital,Public,,Buriram
Nong Hong Hospital,Public,,Buriram
Nong Ki Hospital,Public,,Buriram
Pakham Hospital,Public,,Buriram
Phlapphla Chai Hospital,Public,,Buriram
Phutthaisong Hospital,Public,,Buriram
Prakhon Chai Hospital,Public,,Buriram
Satuek Hospital,Public,,Buriram
Dr. Surachet Hospital,Private,,Buriram
Ekachon Buriram Hospital,Private,,Buriram
Ban Pho Hospital,Public,,Chachoengsao
Bang Khla Hospital,Public,,Chachoengsao
Bang Nam Priao Hospital,Public,,Chachoengsao
Bang Pakong Hospital,Public,,Chachoengsao
Buddhasothorn Hospital,Public,,Chachoengsao
Khlong Khuean Hospital,Public,,Chachoengsao
Phanom Sarakham Hospital,Public,,Chachoengsao
Plaeng Yao Hospital,Public,,Chachoengsao
Ratchasan Hospital,Public,,Chachoengsao
Sanam Chai Khet Hospital,Public,,Chachoengsao
Tha Takiap Hospital,Public,,Chachoengsao
Chularat 11 Hospital,Private,,Chachoengsao
Sotaravej Hospital,Private,,Chachoengsao
Chainat Narenthorn Hospital,Public,,Chainat
Han Kha Hospital,Public,,Chainat
Manorom Hospital,Public,,Chainat
Noen Kham Hospital,Public,,Chainat
Nong Mamong Hospital,Public,,Chainat
Sankhaburi Hospital,Public,,Chainat
Sapphaya Hospital,Public,,Chainat
Wat Sing Hospital,Public,,Chainat
Rhuampath Chainat Hospital,Private,,Chainat
Bamnet Narong Hospital,Public,,Chaiyaphum
Ban Khwao Hospital,Public,,Chaiyaphum
Ban Thaen Hospital,Public,,Chaiyaphum
Chaiyaphum Hospital,Public,,Chaiyaphum
Chatturat Hospital,Public,,Chaiyaphum
Kaeng Khro Hospital,Public,,Chaiyaphum
Kaset Sombun Hospital,Public,,Chaiyaphum
Khon San Hospital,Public,,Chaiyaphum
Khon Sawan Hospital,Public,,Chaiyaphum
Noen Sa-nga Hospital,Public,,Chaiyaphum
Nong Bua Daeng Hospital,Public,,Chaiyaphum
Nong Bua Rawe Hospital,Public,,Chaiyaphum
Phakdi Chumphon Hospital,Public,,Chaiyaphum
Phu Khiao Chaloem Phra Kiat Hospital,Public,,Chaiyaphum
Thep Sathit Hospital,Public,,Chaiyaphum
Chaiyaphum Ram Hospital,Private,,Chaiyaphum
Chaiyaphum Ruamphart Hospital,Private,,Chaiyaphum
Kaeng Hang Maeo Hospital,Public,,Chanthaburi
Khao Khitchakut Hospital,Public,,Chanthaburi
Khao Sukim Hospital,Public,,Chanthaburi
Khlung Hospital,Public,,Chanthaburi
Laem Sing Hospital,Public,,Chanthaburi
Makham Hospital,Public,,Chanthaburi
Na Yai Am Hospital,Public,,Chanthaburi
Phrapokklao Hospital,Public,,Chanthaburi
Pong Nam Ron Hospital,Public,,Chanthaburi
Soi Dao Hospital,Public,,Chanthaburi
Song Phi Nong Hospital,Public,,Chanthaburi
Tha Mai Hospital,Public,,Chanthaburi
Bangkok Hospital Chanthaburi,Private,,Chanthaburi
Sirivej Hospital Chanthaburi,Private,,Chanthaburi
Chai Prakan Hospital,Public,,Chiang Mai
Chiang Dao Hospital,Public,,Chiang Mai
Chiang Mai Municipality Hospital,Public,,Chiang Mai
Chiang Mai Neurological Hospital,Public,Neurology,Chiang Mai
Chom Thong Hospital,Public,,Chiang Mai
Dara Rasmi Hospital,Public,,Chiang Mai
"Dental Hospital, Chiang Mai University",Public,Dentistry,Chiang Mai
Doi Lo Hospital,Public,,Chiang Mai
Doi Saket Hospital,Public,,Chiang Mai
Doi Tao Hospital,Public,,Chiang Mai
Fang Hospital,Public,,Chiang Mai
Fort Kawila Hospital,Public,,Chiang Mai
Hang Dong Hospital,Public,,Chiang Mai
"Health Promotion Hospital, 10th Regional Health Promotion Center",Public,,Chiang Mai
Hot Hospital,Public,,Chiang Mai
Mae Ai Hospital,Public,,Chiang Mai
Mae Chaem Hospital,Public,,Chiang Mai
Mae On Hospital,Public,,Chiang Mai
Mae Taeng Hospital,Public,,Chiang Mai
Mae Wang Hospital,Public,,Chiang Mai
Maharaj Nakorn Chiang Mai Hospital,Public,,Chiang Mai
Nakornping Hospital,Public,,Chiang Mai
Northern Drug Dependence Treatment Center,Public,,Chiang Mai
Om Koi Hospital,Public,,Chiang Mai
Phrao Hospital,Public,,Chiang Mai
Rajanagarindra Institute of Child Development,Public,Psychiatry,Chiang Mai
Royal Thai Air Force Wing 41 Hospital,Public,,Chiang Mai
Samoeng Hospital,Public,,Chiang Mai
San Kamphaeng Hospital,Public,,Chiang Mai
San Pa Tong Hospital,Public,,Chiang Mai
San Sai Hospital,Public,,Chiang Mai
Saraphi Hospital,Public,,Chiang Mai
Si Chiang Mai Hospital,Public,,Chiang Mai
Suanprung Psychiatric Hospital,Public,Psychiatry,Chiang Mai
Wat Chan Chaloem Phrakiat Hospital Marking His Majesty the King's 80th Birthday,Public,,Chiang Mai
Wiang Haeng Hospital,Public,,Chiang Mai
Central Chiangmai Memorial Hospital,Private,,Chiang Mai
Chang Phuak Hospital,Private,,Chiang Mai
Chiang Mai Ram Hospital 1,Private,,Chiang Mai
Chiangmai Klaimor Hospital,Private,,Chiang Mai
Children Hospital and Medical Clinic,Private,,Chiang Mai
Lanna Hospital Chiangmai,Private,,Chiang Mai
McCormick Hospital,Private,,Chiang Mai
McKean Health Centre,Private,,Chiang Mai
Rajavej Hospital,Private,,Chiang Mai
Rhuampath Chiangmai Hospital,Private,,Chiang Mai
Saint Peter Eye Hospital,Private,,Chiang Mai
Siamrad Hospital Chiangmai,Private,,Chiang Mai
Theppanya Hospital,Private,,Chiang Mai
Chiang Khong Crown Prince Hospital,Public,,Chiang Rai
Chiang Saen Hospital,Public,,Chiang Rai
Chiangrai Prachanukroh Hospital,Public,,Chiang Rai
Doi Luang Hospital,Public,,Chiang Rai
Fort Mengraimaharat Hospital,Public,,Chiang Rai
Khun Tan Hospital,Public,,Chiang Rai
Mae Chan Hospital,Public,,Chiang Rai
Mae Fa Luang Hospital,Public,,Chiang Rai
Mae Fah Luang University Hospital,Public,,Chiang Rai
Mae Lao Hospital,Public,,Chiang Rai
Mae Sai Hospital,Public,,Chiang Rai
Mae Suai Hospital,Public,,Chiang Rai
Pa Daed Hospital,Public,,Chiang Rai
Phan Hospital,Public,,Chiang Rai
Phaya Mengrai Hospital,Public,,Chiang Rai
Somdet Phra Yanasangwon (Wiang Chai) Hospital,Public,,Chiang Rai
Thoeng Hospital,Public,,Chiang Rai
Wiang Chiang Rung Hospital,Public,,Chiang Rai
Wiang Kaen Hospital,Public,,Chiang Rai
Wiang Pa Pao Hospital,Public,,Chiang Rai
Kasemrad Hospital Sriburin,Private,,Chiang Rai
Overbrook Hospital,Private,,Chiang Rai
Abhakara Kiartivongse Hospital,Public,,Chonburi
Laem Chabang Hospital,Public,,Chonburi
Ban Bueng Hospital,Public,,Chonburi
Bang Lamung Hospital,Public,,Chonburi
Bo Thong Hospital,Public,,Chonburi
Burapha University Hospital,Public,,Chonburi
Chonburi Cancer Center,Public,Oncology,Chonburi
Chonburi Hospital,Public,,Chonburi
Fort Nawamintharachini Hospital,Public,,Chonburi
"Health Promotion Hospital, 3rd Regional Health Promotion Center",Public,,Chonburi
Ko Chan Hospital,Public,,Chonburi
Ko Sichang Hospital,Public,,Chonburi
"Medical Battalion, Royal Thai Marine Corps",Public,,Chonburi
"Medical Section, Naval Rating School",Public,,Chonburi
"Medical Section, Recruit Training Center",Public,,Chonburi
Nong Yai Hospital,Public,,Chonburi
Pattaya City Hospital,Public,,Chonburi
Phan Thong Hospital,Public,,Chonburi
Phanat Nikhom Hospital,Public,,Chonburi
Queen Savang Vadhana Memorial Hospital,Public,,Chonburi
Queen Sirikit Naval Hospital,Public,,Chonburi
Sattahip K.M. 10 Hospital,Public,,Chonburi
Wat Yansangwararam Hospital,Public,,Chonburi
Aikchol 2 Hospital,Private,,Chonburi
Aikchol Hospital,Private,,Chonburi
Bangkok Hospital?Pattaya,Private,,Chonburi
Chonlavej Hospital,Private,,Chonburi
Vibharam Laem Chabang Hospital,Private,,Chonburi
Medical Vechakarn Health Centre,Private,,Chonburi
Pattaya International Hospital,Private,,Chonburi
Pattaya Memorial Hospital,Private,,Chonburi
Phyathai Siracha Hospital,Private,,Chonburi
Piyavate Hospital Bowin,Private,,Chonburi
Samitivej Sriracha Hospital,Private,,Chonburi
Chumphon Khet Udomsak Hospital,Public,,Chumphon
Fort Khet Udomsak Hospital,Public,,Chumphon
Lamae Hospital,Public,,Chumphon
Lang Suan Hospital,Public,,Chumphon
Map Ammarit Hospital,Public,,Chumphon
Pak Nam Chumphon Hospital,Public,,Chumphon
Pak Nam Lang Suan Hospital,Public,,Chumphon
Pathio Hospital,Public,,Chumphon
Phato Hospital,Public,,Chumphon
Sawi Hospital,Public,,Chumphon
Tha Sae Hospital,Public,,Chumphon
Thung Tako Hospital,Public,,Chumphon
Dr. Lek Hospital,Private,,Chumphon
Thonburi Chumphon Hospital,Private,,Chumphon
Virajsilp Hospital,Private,,Chumphon
Don Chan Hospital,Public,,Kalasin
Huai Mek Hospital,Public,,Kalasin
Huai Phueng Hospital,Public,,Kalasin
Kalasin Hospital,Public,,Kalasin
Kamalasai Hospital,Public,,Kalasin
Kham Muang Hospital,Public,,Kalasin
Khao Wong Hospital,Public,,Kalasin
Khong Chai Hospital,Public,,Kalasin
Kuchinarai Crown Prince Hospital,Public,,Kalasin
Na Khu Hospital,Public,,Kalasin
Na Mon Hospital,Public,,Kalasin
Nong Kung Si Hospital,Public,,Kalasin
Rong Kham Hospital,Public,,Kalasin
Sahatsakhan Hospital,Public,,Kalasin
Sam Chai Hospital,Public,,Kalasin
Somdet Hospital,Public,,Kalasin
Tha Khantho Hospital,Public,,Kalasin
Yang Talat Hospital,Public,,Kalasin
Teerawat Hospital,Private,,Kalasin
Bueng Samakkhi Hospital,Public,,Kamphaeng Phet
Kamphaeng Phet Hospital,Public,,Kamphaeng Phet
Khanu Woralaksaburi Hospital,Public,,Kamphaeng Phet
Khlong Khlung Hospital,Public,,Kamphaeng Phet
Khlong Lan Hospital,Public,,Kamphaeng Phet
Kosamphi Nakhon Hospital,Public,,Kamphaeng Phet
Lan Krabue Hospital,Public,,Kamphaeng Phet
Pang Sila Thong Hospital,Public,,Kamphaeng Phet
Phran Kratai Hospital,Public,,Kamphaeng Phet
Sai Ngam Hospital,Public,,Kamphaeng Phet
Sai Thong Watthana Hospital,Public,,Kamphaeng Phet
Thung Pho Thale Hospital,Public,,Kamphaeng Phet
Ekkachon Mueang Kamphaeng Hospital,Private,,Kamphaeng Phet
Phaet Bandit Hospital,Private,,Kamphaeng Phet
Bo Phloi Hospital,Public,,Kanchanaburi
Chao Khun Phaibun Phanom Thuan Hospital,Public,,Kanchanaburi
Dan Makham Tia Hospital,Public,,Kanchanaburi
Fort Surasi Hospital,Public,,Kanchanaburi
Huai Krachao Chaloem Phrakiat Hospital Marking His Majesty the King's 80th Birthday,Public,,Kanchanaburi
Lao Khwan Hospital,Public,,Kanchanaburi
Makarak Hospital,Public,,Kanchanaburi
Phahon Phon Phayuha Sena Hospital,Public,,Kanchanaburi
Sai Yok Hospital,Public,,Kanchanaburi
Sangkhla Buri Hospital,Public,,Kanchanaburi
Sathan Phra Barami Hospital,Public,,Kanchanaburi
Somdet Phra Piya Maharat Rommaniyakhet Hospital,Public,,Kanchanaburi
Suk Siri Si Sawat Hospital,Public,,Kanchanaburi
Tha Kradan Hospital,Public,,Kanchanaburi
Tha Muang Hospital,Public,,Kanchanaburi
Thong Pha Phum Hospital,Public,,Kanchanaburi
Kanchanaburi Memorial Hospital,Private,,Kanchanaburi
Kwai River Christian Hospital,Private,,Kanchanaburi
Tha Ruea Hospital,Private,,Kanchanaburi
Thanakan Hospital,Private,,Kanchanaburi
Ban Fang Hospital,Public,,Khon Kaen
Ban Phai Hospital,Public,,Khon Kaen
Chonnabot Hospital,Public,,Khon Kaen
Chum Phae Hospital,Public,,Khon Kaen
Fort Siphatcharin Hospital,Public,,Khon Kaen
"Health Promotion Hospital, 6th Regional Health Promotion Center",Public,,Khon Kaen
Khao Suan Kwang Hospital,Public,,Khon Kaen
Khok Pho Chai Hospital,Public,,Khon Kaen
Khon Kaen Drug Dependence Treatment Center,Public,,Khon Kaen
Khon Kaen Hospital,Public,,Khon Kaen
Khon Kaen Rajanakarindra Psychiatric Hospital,Public,Psychiatry,Khon Kaen
Kranuan Crown Prince Hospital,Public,,Khon Kaen
Mancha Khiri Hospital,Public,,Khon Kaen
Nam Phong Hospital,Public,,Khon Kaen
Non Sila Hospital,Public,,Khon Kaen
Nong Na Kham Hospital,Public,,Khon Kaen
Nong Ruea Hospital,Public,,Khon Kaen
Nong Song Hong Hospital,Public,,Khon Kaen
Phon Hospital,Public,,Khon Kaen
Phra Yuen Hospital,Public,,Khon Kaen
Phu Pha Man Hospital,Public,,Khon Kaen
Phu Wiang Hospital,Public,,Khon Kaen
Poei Noi Hospital,Public,,Khon Kaen
Queen Sirikit Heart Center of the Northeast,Public,,Khon Kaen
Sam Sung Hospital,Public,,Khon Kaen
Si Chomphu Hospital,Public,,Khon Kaen
Sirindhorn Hospital,Public,,Khon Kaen
Srinagarind Hospital,Public,,Khon Kaen
Ubolratana Hospital,Public,,Khon Kaen
Waeng Noi Hospital,Public,,Khon Kaen
Waeng Yai Hospital,Public,,Khon Kaen
Wiang Kao Hospital,Public,,Khon Kaen
Khon Kaen Ram Hospital,Private,,Khon Kaen
Ratchaphruek Hospital,Private,,Khon Kaen
Vejprasit Hospital,Private,,Khon Kaen
Ao Luek Hospital,Public,,Krabi
Khao Phanom Hospital,Public,,Krabi
Khlong Thom Hospital,Public,,Krabi
Ko Lanta Hospital,Public,,Krabi
Krabi Hospital,Public,,Krabi
Lam Thap Hospital,Public,,Krabi
Nuea Khlong Hospital,Public,,Krabi
Plai Phraya Hospital,Public,,Krabi
Ruam Phaet Hospital,Private,,Krabi
Chae Hom Hospital,Public,,Lampang
Fort Surasakmontri Hospital,Public,,Lampang
Hang Chat Hospital,Public,,Lampang
Ko Kha Hospital,Public,,Lampang
Lampang Cancer Center,Public,Oncology,Lampang
Lampang Hospital,Public,,Lampang
Mae Mo Hospital,Public,,Lampang
Mae Phrik Hospital,Public,,Lampang
Mae Tha Hospital,Public,,Lampang
Mueang Pan Hospital,Public,,Lampang
Ngao Hospital,Public,,Lampang
Soem Ngam Hospital,Public,,Lampang
Sop Prap Hospital,Public,,Lampang
Thoen Hospital,Public,,Lampang
Wang Nuea Hospital,Public,,Lampang
Khelang Nakhon-Ram Hospital,Private,,Lampang
Vincent Wood Health Centre,Private,,Lampang
Ban Hong Hospital,Public,,Lamphun
Ban Thi Hospital,Public,,Lamphun
Lamphun Hospital,Public,,Lamphun
Li Hospital,Public,,Lamphun
Mae Tha Hospital,Public,,Lamphun
Pa Sang Hospital,Public,,Lamphun
Thung Hua Chang Hospital,Public,,Lamphun
Wiang Nong Long Hospital,Public,,Lamphun
Hariphunchai Memorial Hospital,Private,,Lamphun
Sirivej Lamphun Hospital,Private,,Lamphun
Chiang Khan Hospital,Public,,Loei
Dan Sai Crown Prince Hospital,Public,,Loei
Erawan Hospital,Public,,Loei
Fort Srisongrak Hospital,Public,,Loei
Loei Hospital,Public,,Loei
Loei Rajanakarindra Psychiatric Hospital,Public,Psychiatry,Loei
Na Duang Hospital,Public,,Loei
Na Haeo Hospital,Public,,Loei
Nong Hin Hospital,Public,,Loei
Pak Chom Hospital,Public,,Loei
Pha Khao Hospital,Public,,Loei
Phu Kradueng Hospital,Public,,Loei
Phu Luang Hospital,Public,,Loei
Phu Ruea Hospital,Public,,Loei
Tha Li Hospital,Public,,Loei
Wang Saphung Hospital,Public,,Loei
Mueang Loei Ram Hospital,Private,,Loei
Anandamahidol Hospital,Public,,Lopburi
Ban Mi Hospital,Public,,Lopburi
Chai Badan Hospital,Public,,Lopburi
Khok Charoen Hospital,Public,,Lopburi
Khok Samrong Hospital,Public,,Lopburi
Lam Sonthi Hospital,Public,,Lopburi
Lopburi Cancer Center,Public,Oncology,Lopburi
King Narai Hospital,Public,,Lopburi
Nong Muang Hospital,Public,,Lopburi
Phatthana Nikhom Hospital,Public,,Lopburi
Royal Thai Air Force Wing 2 Hospital,Public,,Lopburi
Sa Bot Hospital,Public,,Lopburi
Tha Luang Hospital,Public,,Lopburi
Tha Wung Hospital,Public,,Lopburi
Benjarom Hospital,Private,,Lopburi
Mueang Narai Hospital,Private,,Lopburi
Khun Yuam Hospital,Public,,Mae Hong Son
Mae Hong Son Drug Dependence Treatment Center,Public,,Mae Hong Son
Mae La Noi Hospital,Public,,Mae Hong Son
Mae Sariang Hospital,Public,,Mae Hong Son
Pai Hospital,Public,,Mae Hong Son
Pang Mapha Hospital,Public,,Mae Hong Son
Sop Moei Hospital,Public,,Mae Hong Son
Srisangwan Hospital,Public,,Mae Hong Son
Borabue Hospital,Public,,Maha Sarakham
Chiang Yuen Hospital,Public,,Maha Sarakham
Chuen Chom Hospital,Public,,Maha Sarakham
Kae Dam Hospital,Public,,Maha Sarakham
Kantharawichai Hospital,Public,,Maha Sarakham
Kosum Phisai Hospital,Public,,Maha Sarakham
Kut Rang Hospital,Public,,Maha Sarakham
Maha Sarakham Hospital,Public,,Maha Sarakham
Na Chueak Hospital,Public,,Maha Sarakham
Na Dun Hospital,Public,,Maha Sarakham
Phayakkhaphum Phisai Hospital,Public,,Maha Sarakham
Suddhavej Hospital,Public,,Maha Sarakham
Wapi Pathum Hospital,Public,,Maha Sarakham
Yang Si Surat Hospital,Public,,Maha Sarakham
Mahasarakham International Hospital,Private,,Maha Sarakham
Don Tan Hospital,Public,,Mukdahan
Dong Luang Hospital,Public,,Mukdahan
Khamcha-i Hospital,Public,,Mukdahan
Mukdahan Hospital,Public,,Mukdahan
Nikhom Kham Soi Hospital,Public,,Mukdahan
Nong Sung Hospital,Public,,Mukdahan
Wan Yai Hospital,Public,,Mukdahan
Mukdahan International Hospital,Private,,Mukdahan
Ban Na Hospital,Public,,Nakhon Nayok
Chulachomklao Royal Military Academy Hospital,Public,,Nakhon Nayok
HRH Princess Maha Chakri Sirindhorn Medical Center,Public,,Nakhon Nayok
"Medical Division, Armed Forces Academies Preparatory School",Public,,Nakhon Nayok
Nakhon Nayok Hospital,Public,,Nakhon Nayok
Ongkharak Hospital,Public,,Nakhon Nayok
Pak Phli Hospital,Public,,Nakhon Nayok
Bang Len Hospital,Public,,Nakhon Pathom
Chandrubeksa Hospital,Public,,Nakhon Pathom
Don Tum Hospital,Public,,Nakhon Pathom
Golden Jubilee Medical Center,Public,,Nakhon Pathom
Huai Phlu Hospital,Public,,Nakhon Pathom
Kamphaeng Saen Hospital,Public,,Nakhon Pathom
Luang Pho Poen Hospital,Public,,Nakhon Pathom
Mettapracharak Watraikhing Hospital,Public,Ophthalmology,Nakhon Pathom
Nakhon Chai Si Hospital,Public,,Nakhon Pathom
Nakhon Pathom Hospital,Public,,Nakhon Pathom
Phutthamonthon Hospital,Public,,Nakhon Pathom
Sam Phran Hospital,Public,,Nakhon Pathom
Tulakan Chaloem Phrakiat Hospital,Public,,Nakhon Pathom
Bangkok Christian Hospital Nakhon Pathom,Private,,Nakhon Pathom
Salaya Hospital,Private,,Nakhon Pathom
Salaya Nursing Home,Private,,Nakhon Pathom
Sanam Chan Hospital,Private,,Nakhon Pathom
Thepakorn Hospital,Private,,Nakhon Pathom
Ban Phaeng Hospital,Public,,Nakhon Phanom
Fort Phrayotmueangkhwang Hospital,Public,,Nakhon Phanom
Na Kae Hospital,Public,,Nakhon Phanom
Na Thom Hospital,Public,,Nakhon Phanom
Na Wa Hospital,Public,,Nakhon Phanom
Nakhon Phanom Hospital,Public,,Nakhon Phanom
Nakhon Phanom Rajanakarindra Psychiatric Hospital,Public,Psychiatry,Nakhon Phanom
Phon Sawan Hospital,Public,,Nakhon Phanom
Pla Pak Hospital,Public,,Nakhon Phanom
Renu Nakhon Hospital,Public,,Nakhon Phanom
Si Songkhram Hospital,Public,,Nakhon Phanom
Tha Uthen Hospital,Public,,Nakhon Phanom
That Phanom Crown Prince Hospital,Public,,Nakhon Phanom
Wang Yang Hospital,Public,,Nakhon Phanom
Ban Lueam Hospital,Public,,Nakhon Ratchasima
Bua Lai Hospital,Public,,Nakhon Ratchasima
Bua Yai Hospital,Public,,Nakhon Ratchasima
Chakkarat Hospital,Public,,Nakhon Ratchasima
Chaloem Phra Kiat Hospital,Public,,Nakhon Ratchasima
Chok Chai Hospital,Public,,Nakhon Ratchasima
Chum Phuang Hospital,Public,,Nakhon Ratchasima
Dan Khun Thot Hospital,Public,,Nakhon Ratchasima
Fort Suranari Hospital,Public,,Nakhon Ratchasima
"Health Promotion Hospital, 5th Regional Health Promotion Center",Public,,Nakhon Ratchasima
"Health Promotion Hospital, 5th Regional Health Promotion Center",Public,,Nakhon Ratchasima
Huai Thalaeng Hospital,Public,,Nakhon Ratchasima
Kaeng Sanam Nang Hospital,Public,,Nakhon Ratchasima
Kham Sakae Saeng Hospital,Public,,Nakhon Ratchasima
Kham Thale So Hospital,Public,,Nakhon Ratchasima
Khon Buri Hospital,Public,,Nakhon Ratchasima
Khong Hospital,Public,,Nakhon Ratchasima
Lam Thamen Chai Hospital,Public,,Nakhon Ratchasima
Maharat Nakhon Ratchasima Hospital,Public,,Nakhon Ratchasima
Mueang Yang Chaloem Phrakiat Hospital Marking 100 Years of Princess Srinagarindra,Public,,Nakhon Ratchasima
Nakhon Ratchasima Rajanakarindra Psychiatric Hospital,Public,Psychiatry,Nakhon Ratchasima
Non Daeng Hospital,Public,,Nakhon Ratchasima
Non Sung Hospital,Public,,Nakhon Ratchasima
Non Thai Hospital,Public,,Nakhon Ratchasima
Nong Bun Mak Hospital,Public,,Nakhon Ratchasima
Pak Chong Nana Hospital,Public,,Nakhon Ratchasima
Pak Thong Chai Hospital,Public,,Nakhon Ratchasima
Phimai Hospital,Public,,Nakhon Ratchasima
Phra Thongkham Chaloem Phrakiat Hospital Marking His Majesty the King's 80th Birthday,Public,,Nakhon Ratchasima
Prathai Hospital,Public,,Nakhon Ratchasima
Royal Thai Air Force Wing 1 Hospital,Public,,Nakhon Ratchasima
Sida Hospital,Public,,Nakhon Ratchasima
Sikhio Hospital,Public,,Nakhon Ratchasima
Soeng Sang Hospital,Public,,Nakhon Ratchasima
Suranaree University of Technology Hospital (SUTH),Public,,Nakhon Ratchasima
Sung Noen Hospital,Public,,Nakhon Ratchasima
Thepharak Hospital,Public,,Nakhon Ratchasima
Theppharat Nakhon Ratchasima Hospital,Public,,Nakhon Ratchasima
Wang Nam Khiao Hospital,Public,,Nakhon Ratchasima
Bangkok Hospital Ratchasima,Private,,Nakhon Ratchasima
Bangkok Hospital Pakchong,Private,,Nakhon Ratchasima
Bua Yai Ruam Phaet Hospital,Private,,Nakhon Ratchasima
Khorat Memorial Hospital,Private,,Nakhon Ratchasima
P. Phaet Hospital,Private,,Nakhon Ratchasima
Pak Chong Medical Hospital,Private,,Nakhon Ratchasima
Phimai Medical Hospital,Private,,Nakhon Ratchasima
Saint Mary's Hospital,Private,,Nakhon Ratchasima
The Golden Gate Hospital,Private,,Nakhon Ratchasima
Banphot Phisai Hospital,Public,,Nakhon Sawan
Chum Saeng Hospital,Public,,Nakhon Sawan
Chum Ta Bong Hospital,Public,,Nakhon Ratchasima
Fort Jiraprawat Hospital,Public,,Nakhon Sawan
"Health Promotion Hospital, 8th Regional Health Promotion Center",Public,,Nakhon Sawan
Kao Liao Hospital,Public,,Nakhon Sawan
Krok Phra Hospital,Public,,Nakhon Sawan
Lat Yao Hospital,Public,,Nakhon Sawan
Mae Wong Hospital,Public,,Nakhon Sawan
Nakhon Sawan Rajanakarindra Psychiatric Hospital,Public,Psychiatry,Nakhon Sawan
Nong Bua Hospital,Public,,Nakhon Sawan
Phaisali Hospital,Public,,Nakhon Sawan
Phayuha Khiri Hospital,Public,,Nakhon Sawan
Royal Thai Air Force Wing 4 Hospital,Public,,Nakhon Sawan
Sawanpracharak Hospital,Public,,Nakhon Sawan
Tak Fa Hospital,Public,,Nakhon Sawan
Takhli Hospital,Public,,Nakhon Sawan
Tha Tako Hospital,Public,,Nakhon Sawan
Chongkae Hospital,Private,,Nakhon Sawan
Paknampo Hospital,Private,,Nakhon Sawan
Palace Hospital,Private,,Nakhon Sawan
Rattanavej Hospital,Private,,Nakhon Sawan
Romchat Hospital,Private,,Nakhon Sawan
Ruam Phaet Nakhon Sawan Hospital,Private,,Nakhon Sawan
Srisawan Hospital,Private,,Nakhon Sawan
Bang Khan Hospital,Public,,Nakhon Si Thammarat
Chaloem Phra Kiat Hospital,Public,,Nakhon Si Thammarat
Cha-uat Hospital,Public,,Nakhon Si Thammarat
Chawang Crown Prince Hospital,Public,,Nakhon Si Thammarat
Chian Yai Hospital,Public,,Nakhon Si Thammarat
Chulabhorn Hospital,Public,,Nakhon Si Thammarat
Fort Thepsatrisisunthon Hospital,Public,,Nakhon Si Thammarat
Fort Vajiravudh Hospital,Public,,Nakhon Si Thammarat
"Health Promotion Hospital, 11th Regional Health Promotion Center",Public,,Nakhon Si Thammarat
Hua Sai Hospital,Public,,Nakhon Si Thammarat
Khanom Hospital,Public,,Nakhon Si Thammarat
Lan Saka Hospital,Public,,Nakhon Si Thammarat
Maharaj Nakhon Si Thammarat Hospital,Public,,Nakhon Si Thammarat
Na Bon Hospital,Public,,Nakhon Si Thammarat
Nakhon Si Thammarat City Hospital,Public,,Nakhon Si Thammarat
Nopphitam Hospital,Public,,Nakhon Si Thammarat
Pak Phanang Hospital,Public,,Nakhon Si Thammarat
Phipun Hospital,Public,,Nakhon Si Thammarat
Phortan Khlai Vajasit (Chang Klang) Hospital,Public,,Nakhon Si Thammarat
Phra Phrom Hospital,Public,,Nakhon Si Thammarat
Phrom Khiri Hospital,Public,,Nakhon Si Thammarat
Ron Phibun Hospital,Public,,Nakhon Si Thammarat
Sichon Hospital,Public,,Nakhon Si Thammarat
Sirindhorn Red Cross Health Station,Public,,Nakhon Si Thammarat
Tha Sala Hospital,Public,,Nakhon Si Thammarat
Tham Phannara Hospital,Public,,Nakhon Si Thammarat
Thung Song Hospital,Public,,Nakhon Si Thammarat
Thung Yai Hospital,Public,,Nakhon Si Thammarat
Walailak University Hospital,Public,,Nakhon Si Thammarat
Nakharin Hospital,Private,,Nakhon Si Thammarat
Nakhon Christian Hospital,Private,,Nakhon Si Thammarat
Nakhonpat Hospital,Private,,Nakhon Si Thammarat
Ruamphat Thungsong Hospital,Private,,Nakhon Si Thammarat
Ban Luang Hospital,Public,,Nan
Bo Kluea Hospital,Public,,Nan
Chaloem Phrakiat Hospital,Public,,Nan
Chiang Klang Hospital,Public,,Nan
Fort Suriyaphong Hospital,Public,,Nan
Mae Charim Hospital,Public,,Nan
Na Muen Hospital,Public,,Nan
Na Noi Hospital,Public,,Nan
Nan Hospital,Public,,Nan
Phu Phiang Hospital,Public,,Nan
Pua Crown Prince Hospital,Public,,Nan
Santisuk Hospital,Public,,Nan
Song Khwae Hospital,Public,,Nan
Tha Wang Pha Hospital,Public,,Nan
Thung Chang Hospital,Public,,Nan
Wiang Sa Hospital,Public,,Nan
Ba Cho Hospital,Public,,Narathiwat
Chanae Hospital,Public,,Narathiwat
Cho Ai Rong Hospital,Public,,Narathiwat
Galyanivadhanakarun Hospital,Public,,Narathiwat
Naradhiwas Rajanagarindra Hospital,Public,,Narathiwat
Ra-ngae Hospital,Public,,Narathiwat
Rue So Hospital,Public,,Narathiwat
Si Sakhon Hospital,Public,,Narathiwat
Sukhirin Hospital,Public,,Narathiwat
Su-ngai Kolok Hospital,Public,,Narathiwat
Su-ngai Padi Hospital,Public,,Narathiwat
Tak Bai Hospital,Public,,Narathiwat
Waeng Hospital,Public,,Narathiwat
Yi Ngo Chaloem Phrakiat Hospital Marking His Majesty the King's 80th Birthday,Public,,Narathiwat
Na Klang Hospital,Public,,Nong Bua Lamphu
Na Wang Chaloem Phrakiat Hospital Marking His Majesty the King's 80th Birthday,Public,,Nong Bua Lamphu
Non Sang Hospital,Public,,Nong Bua Lamphu
Nong Bua Lamphu Hospital,Public,,Nong Bua Lamphu
Si Bun Rueang Hospital,Public,,Nong Bua Lamphu
Suwannakhuha Hospital,Public,,Nong Bua Lamphu
Veerapolkanpat Hospital,Private,,Nong Bua Lamphu
Fao Rai Hospital,Public,,Nong Khai
Nong Khai Hospital,Public,,Nong Khai
Phon Phisai Hospital,Public,,Nong Khai
Pho Tak Hospital,Public,,Nong Khai
Rattanawapi Hospital,Public,,Nong Khai
Sa Khrai Hospital,Public,,Nong Khai
Sangkhom Hospital,Public,,Nong Khai
Si Chiang Mai Hospital,Public,,Nong Khai
Tha Bo Crown Prince Hospital,Public,,Nong Khai
Nong Khai Wattana Hospital,Private,,Nong Khai
Phisaivech Hospital,Private,,Nong Khai
Ruamphaet Nongkhai Hospital,Private,,Nong Khai
Bamrasnaradura Infectious Diseases Institute,Public,Infectious diseases,Nonthaburi
Bang Bua Thong Hospital,Public,,Nonthaburi
Bang Bua Thong 2 Hospital,Public,,Nonthaburi
Bang Kruai Hospital,Public,,Nonthaburi
Bang Yai Hospital,Public,,Nonthaburi
Central Chest Institute of Thailand,Public,Pulmonology,Nonthaburi
Pak Kret Hospital,Public,,Nonthaburi
Panyananthaphikkhu Chonprathan Medical Center,Public,,Nonthaburi
Phra Nang Klao Hospital,Public,,Nonthaburi
Sai Noi Hospital,Public,,Nonthaburi
Sirindhorn National Medical Rehabilitation Centre,Public,PM&R,Nonthaburi
Srithanya Hospital,Public,Psychiatry,Nonthaburi
Anan Phatthana 2 Hospital,Private,,Nonthaburi
Chollada Hospital,Private,,Nonthaburi
Kasemrad Hospital Rattanathibeth,Private,,Nonthaburi
Krungthai Hospital,Private,,Nonthaburi
Mahnam Hospital,Private,,Nonthaburi
Nonthavej Hospital,Private,,Nonthaburi
Rattanathibet Medical Center,Private,,Nonthaburi
Khlong Luang Hospital,Public,,Pathum Thani
Lam Luk Ka Hospital,Public,,Pathum Thani
Lat Lum Kaeo Hospital,Public,,Pathum Thani
Maha Vajiralongkorn Cancer Centre,Public,Oncology,Pathum Thani
Nong Suea Hospital,Public,,Pathum Thani
Pathum Thani Hospital,Public,,Pathum Thani
Prachathipat Hospital,Public,,Pathum Thani
Sam Khok Hospital,Public,,Pathum Thani
Thammasat University Hospital,Public,,Pathum Thani
Thanyaburi Hospital,Public,,Pathum Thani
Thanyarak Institute,Public,,Pathum Thani
Ek Pathum Hospital,Private,,Pathum Thani
Krung Siam St. Carlos Medical Centre,Private,,Pathum Thani
Muangpatum Hospital,Private,,Pathum Thani
Navanakorn General Hospital,Private,,Pathum Thani
Pathumvech Hospital,Private,,Pathum Thani
Phatara-Thonburi Hospital,Private,,Pathum Thani
Rangsit General Hospital,Private,,Pathum Thani
Fort Inkhayutthaborihan Hospital,Public,,Pattani
Kapho Hospital,Public,,Pattani
Khok Pho Hospital,Public,,Pattani
Mae Lan Hospital,Public,,Pattani
Mai Kaen Hospital,Public,,Pattani
Mayo Hospital,Public,,Pattani
Nong Chik Hospital,Public,,Pattani
Panare Hospital,Public,,Pattani
Pattani Drug Dependence Treatment Center,Public,,Pattani
Pattani Hospital,Public,,Pattani
Sai Buri Crown Prince Hospital,Public,,Pattani
Thung Yang Daeng Hospital,Public,,Pattani
Yarang Hospital,Public,,Pattani
Yaring Hospital,Public,,Pattani
Bang Sai Hospital,Public,,Phang Nga
Kapong Chaiphat Hospital,Public,,Phang Nga
Khura Buri Chaiphat Hospital,Public,,Phang Nga
Ko Yao Chaiphat Hospital,Public,,Phang Nga
Phang Nga Hospital,Public,,Phang Nga
Phang Nga Naval Base Hospital,Public,,Phang Nga
Takua Pa Hospital,Public,,Phang Nga
Takua Thung Hospital,Public,,Phang Nga
Thai Mueang Chaiphat Hospital,Public,,Phang Nga
Thap Put Hospital,Public,,Phang Nga
Bang Kaeo Hospital,Public,,Phatthalung
Khao Chai Son Hospital,Public,,Phatthalung
Khuan Khanun Hospital,Public,,Phatthalung
Kong Ra Hospital,Public,,Phatthalung
Pa Bon Hospital,Public,,Phatthalung
Pa Phayom Hospital,Public,,Phatthalung
Pak Phayun Hospital,Public,,Phatthalung
Phatthalung Hospital,Public,,Phatthalung
Si Banphot Hospital,Public,,Phatthalung
Srinagarindra (Panyananthaphikkhu) Hospital,Public,,Phatthalung
Tamot Hospital,Public,,Phatthalung
Piyarak Hospital,Private,,Phatthalung
Ruam Phaet Hospital,Private,,Phatthalung
Chiang Kham Hospital,Public,,Phayao
Chiang Muan Hospital,Public,,Phayao
Chun Hospital,Public,,Phayao
Dok Kham Tai Hospital,Public,,Phayao
Fort Khunchueangthammikkarat Hospital,Public,,Phayao
Mae Chai Hospital,Public,,Phayao
Phayao Hospital,Public,,Phayao
Phu Kamyao Hospital,Public,,Phayao
Phu Sang Hospital,Public,,Phayao
Pong Hospital,Public,,Phayao
University of Phayao Medical Center and Hospital,Public,,Phayao
Phayao Ram Hospital,Private,,Phayao
Bueng Sam Phan Hospital,Public,,Phetchabun
Chon Daen Hospital,Public,,Phetchabun
Fort Phokhunphamueang Hospital,Public,,Phetchabun
Khao Kho Hospital,Public,,Phetchabun
Lom Kao Crown Prince Hospital,Public,,Phetchabun
Lom Sak Hospital,Public,,Phetchabun
Nam Nao Hospital,Public,,Phetchabun
Nong Phai Hospital,Public,,Phetchabun
Phetchabun Hospital,Public,,Phetchabun
Si Thep Hospital,Public,,Phetchabun
Wang Pong Hospital,Public,,Phetchabun
Wichian Buri Hospital,Public,,Phetchabun
Mueang Phet Hospital,Private,,Phetchabun
Nakornlom Hospital,Private,,Phetchabun
Petcharath Hospital,Private,,Phetchabun
Ban Laem Hospital,Public,,Phetchaburi
Ban Lat Hospital,Public,,Phetchaburi
Cha-am Hospital,Public,,Phetchaburi
Fort Ramratchaniwet Hospital,Public,,Phetchaburi
Kaeng Krachan Hospital,Public,,Phetchaburi
Khao Yoi Hospital,Public,,Phetchaburi
Nong Ya Plong Hospital,Public,,Phetchaburi
King Mongkut Memorial (Phra Chom Klao) Hospital,Public,,Phetchaburi
Tha Yang Hospital,Public,,Phetchaburi
Muengpetch-Thonburi Hospital,Private,,Phetchaburi
Petcharat Hospital,Private,,Phetchaburi
Polgamnerdsiri Hospital,Private,,Phetchaburi
Bang Mun Nak Hospital,Public,,Phichit
Bueng Na Rang Hospital,Public,,Phichit
Dong Charoen Hospital,Public,,Phichit
Phichit Hospital,Public,,Phichit
Pho Prathap Chang Hospital,Public,,Phichit
Pho Thale Hospital,Public,,Phichit
Sak Lek Hospital,Public,,Phichit
Sam Ngam Hospital,Public,,Phichit
Taphan Hin Crown Prince Hospital,Public,,Phichit
Thap Khlo Hospital,Public,,Phichit
Wachirabarami Hospital,Public,,Phichit
Wang Sai Phun Hospital,Public,,Phichit
Chaiaroon Vechagarn Hospital,Private,,Phichit
Sahavej Hospital,Private,,Phichit
Srisukho Health Centre,Private,,Phichit
Thatsanavet Hospital,Private,,Phichit
Bang Krathum Hospital,Public,,Phitsanulok
Bang Rakam Hospital,Public,,Phitsanulok
Buddhachinaraj Phitsanulok Hospital,Public,,Phitsanulok
Chat Trakan Hospital,Public,,Phitsanulok
Fort Saritsena Hospital,Public,,Phitsanulok
Fort Somdet Phra Naresuan Maharat Hospital,Public,,Phitsanulok
Nakhon Thai Crown Prince Hospital,Public,,Phitsanulok
Naresuan University Hospital,Public,,Phitsanulok
Noen Maprang Hospital,Public,,Phitsanulok
Phrom Phiram Hospital,Public,,Phitsanulok
Royal Thai Air Force Wing 46 Hospital,Public,,Phitsanulok
Wang Thong Hospital,Public,,Phitsanulok
Wat Bot Hospital,Public,,Phitsanulok
Inter Vechakarn Hospital,Private,,Phitsanulok
Pitsanuvej Hospital,Private,,Phitsanulok
Radiotherapy and Nuclear Medicine Hospital,Private,,Phitsanulok
Ratanavej 2 Hospital,Private,,Phitsanulok
Ratanavej Hospital,Private,,Phitsanulok
Ruamphat Pitsanulok Hospital,Private,,Phitsanulok
Den Chai Crown Prince Hospital,Public,,Phrae
Long Hospital,Public,,Phrae
Nong Muang Khai Hospital,Public,,Phrae
Phrae Hospital,Public,,Phrae
Rong Kwang Hospital,Public,,Phrae
Song Hospital,Public,,Phrae
Sung Men Hospital,Public,,Phrae
Wang Chin Hospital,Public,,Phrae
Phrae Christian Hospital,Private,,Phrae
Phrae-Ram Hospital,Private,,Phrae
Patong Hospital,Public,,Phuket
Thalang Hospital,Public,,Phuket
Vachira Phuket Hospital,Public,,Phuket
Bangkok Hospital Phuket,Private,,Phuket
Mission Hospital Phuket,Private,,Phuket
Phuket International Hospital,Private,,Phuket
Ban Sang Hospital,Public,,Prachinburi
Chaophraya Abhaibhubejhr Hospital,Public,,Prachinburi
Fort Chakkraphong Hospital,Public,,Prachinburi
Kabin Buri Hospital,Public,,Prachinburi
Na Di Hospital,Public,,Prachinburi
Prachantakham Hospital,Public,,Prachinburi
Si Maha Phot Hospital,Public,,Prachinburi
Si Mahosot Hospital,Public,,Prachinburi
Imperial Hospital,Private,,Prachinburi
Sothonwet Hospital,Private,,Prachinburi
Bang Saphan Hospital,Public,,Prachuap Khiri Khan
Bang Saphan Noi Hospital,Public,,Prachuap Khiri Khan
Fort Thanarat Hospital,Public,,Prachuap Khiri Khan
Hua Hin Chalerm Prakiet Red Cross Health Station,Public,,Prachuap Khiri Khan
Hua Hin Hospital,Public,,Prachuap Khiri Khan
Kui Buri Hospital,Public,,Prachuap Khiri Khan
Prachuap Khiri Khan Hospital,Public,,Prachuap Khiri Khan
Pran Buri Hospital,Public,,Prachuap Khiri Khan
Royal Thai Air Force Wing 53 Hospital,Public,,Prachuap Khiri Khan
Sam Roi Yot Hospital,Public,,Prachuap Khiri Khan
Thap Sakae Hospital,Public,,Prachuap Khiri Khan
Chiva-Som Health Resort,Private,,Prachuap Khiri Khan
San Paulo Hua-Hin Hospital,Private,,Prachuap Khiri Khan
Kapoe Hospital,Public,,Ranong
Kra Buri Hospital,Public,,Ranong
La-un Hospital,Public,,Ranong
Ranong Hospital,Public,,Ranong
Suk Samran Hospital,Public,,Ranong
Andaman Ranong Medical,Private,,Ranong
Ban Kha Hospital,Public,,Ratchaburi
Ban Pong Hospital,Public,,Ratchaburi
Bang Phae Hospital,Public,,Ratchaburi
Chet Samian Hospital,Public,,Ratchaburi
Chom Bueng Crown Prince Hospital,Public,,Ratchaburi
Damnoen Saduak Hospital,Public,,Ratchaburi
Fort Phanurangsi Hospital,Public,,Ratchaburi
"Health Promotion Hospital, 4th Regional Health Promotion Center",Public,,Ratchaburi
Pak Tho Hospital,Public,,Ratchaburi
Photharam Hospital,Public,,Ratchaburi
Ratchaburi Hospital,Public,,Ratchaburi
Suan Phueng Hospital,Public,,Ratchaburi
Wat Phleng Hospital,Public,,Ratchaburi
Doctor Pradit Clinic,Private,,Ratchaburi
Doctor Sanguan Hospital,Private,,Ratchaburi
Muangraj Hospital,Private,,Ratchaburi
Promphat Hospital,Private,,Ratchaburi
San Camillo Hospital,Private,,Ratchaburi
Wattanavej Hospital,Private,,Ratchaburi
Ban Chang Hospital,Public,,Rayong
Ban Khai Hospital,Public,,Rayong
Khao Chamao Chaloem Phrakiat Hospital Marking His Majesty the King's 80th Birthday,Public,,Rayong
Klaeng Hospital,Public,,Rayong
HRH Princess Sirindhorn Rayong (Map Taphut) Hospital,Public,,Rayong
"Medical Section, Naval Air Station",Public,,Rayong
Nikhom Phatthana Hospital,Public,,Rayong
Pluak Daeng Hospital,Public,,Rayong
Rayong Hospital,Public,,Rayong
Wang Chan Hospital,Public,,Rayong
Bangkok Hospital Rayong,Private,,Rayong
Mongkutrayong Hospital,Private,,Rayong
Ruampat Rayong Hospital,Private,,Rayong
At Samat Hospital,Public,,Roi Et
Changhan Hospital,Public,,Roi Et
Chaturaphak Phiman Hospital,Public,,Roi Et
Chiang Khwan Hospital,Public,,Roi Et
Fort Somdet Phraphutthayotfa Chulalok Maharat Hospital,Public,,Roi Et
Kaset Wisai Hospital,Public,,Roi Et
Moei Wadi Hospital,Public,,Roi Et
Mueang Suang Hospital,Public,,Roi Et
Nong Hi Hospital,Public,,Roi Et
Nong Phok Hospital,Public,,Roi Et
Pathum Rat Hospital,Public,,Roi Et
Phanom Phrai Hospital,Public,,Roi Et
Pho Chai Hospital,Public,,Roi Et
Phon Sai Hospital,Public,,Roi Et
Phon Thong Hospital,Public,,Roi Et
Roi Et Hospital,Public,,Roi Et
Selaphum Hospital,Public,,Roi Et
Si Somdet Hospital,Public,,Roi Et
Suwannaphum Hospital,Public,,Roi Et
Thawat Buri Hospital,Public,,Roi Et
Thung Khao Luang Hospital,Public,,Roi Et
Bangkok Chureevetch Hospital,Private,,Roi Et
Roi-Et Thonburi Hospital,Private,,Roi Et
Aranyaprathet Hospital,Public,,Sa Kaeo
Fort Surasinghanat Hospital,Public,,Sa Kaeo
Khao Chakan Hospital,Public,,Sa Kaeo
Khlong Hat Hospital,Public,,Sa Kaeo
Khok Sung Hospital,Public,,Sa Kaeo
Sa Kaeo Crown Prince Hospital,Public,,Sa Kaeo
Sa Kaeo Rajanakarindra Psychiatric Hospital,Public,Psychiatry,Sa Kaeo
Ta Phraya Hospital,Public,,Sa Kaeo
Wang Nam Yen Hospital,Public,,Sa Kaeo
Wang Sombun Hospital,Public,,Sa Kaeo
Watthana Nakhon Hospital,Public,,Sa Kaeo
Akat Amnuai Hospital,Public,,Sakon Nakhon
Ban Muang Hospital,Public,,Sakon Nakhon
Charoen Sin Hospital,Public,,Sakon Nakhon
Fort Krit Srivara Hospital,Public,,Sakon Nakhon
Kham Ta Kla Hospital,Public,,Sakon Nakhon
Khok Si Suphan Hospital,Public,,Sakon Nakhon
Kusuman Hospital,Public,,Sakon Nakhon
Kut Bak Hospital,Public,,Sakon Nakhon
Nikhom Nam Un Hospital,Public,,Sakon Nakhon
Phang Khon Hospital,Public,,Sakon Nakhon
Phon Na Kaeo Hospital,Public,,Sakon Nakhon
Phra Achan Ban Thanakaro Hospital,Public,,Sakon Nakhon
Phra Achan Fan Acharo Hospital,Public,,Sakon Nakhon
Sakon Nakhon Hospital,Public,,Sakon Nakhon
Sawang Daen Din Crown Prince Hospital,Public,,Sakon Nakhon
Song Dao Hospital,Public,,Sakon Nakhon
Tao Ngoi Hospital,Public,,Sakon Nakhon
Wanon Niwat Hospital,Public,,Sakon Nakhon
Warichaphum Hospital,Public,,Sakon Nakhon
Rak Sakon Hospital,Private,,Sakon Nakhon
Bang Bo Hospital,Public,,Samut Prakan
Bang Chak Hospital,Public,,Samut Prakan
Bang Phli Hospital,Public,,Samut Prakan
Bang Sao Thong Hospital,Public,,Samut Prakan
Phra Chulachomklao Fort Hospital,Public,,Samut Prakan
Phra Samut Chedi Sawatayanon Hospital,Public,,Samut Prakan
Ratchapracha Samasai Institute,Public,Dermatology,Samut Prakan
Royal Thai Naval Academy Hospital,Public,,Samut Prakan
Samut Prakan Hospital,Public,,Samut Prakan
Thai Red Cross Rehabilitation Center,Public,PM&R,Samut Prakan
Yuwaprasart Waithayopathum Hospital,Public,Psychiatry,Samut Prakan
Bangkok Hospital Phrapradaeng,Private,,Samut Prakan
Bangna General Hospital 2,Private,,Samut Prakan
Bangna General Hospital 5,Private,,Samut Prakan
Bangpakok 3 Hospital,Private,,Samut Prakan
Central Park Hospital,Private,,Samut Prakan
Chaiprakarn Hospital,Private,,Samut Prakan
Chularat 1 Hospital,Private,,Samut Prakan
Chularat 3 Hospital,Private,,Samut Prakan
Chularat 5 Hospital,Private,,Samut Prakan
Chularat 9 Hospital,Private,,Samut Prakan
Chulavej Hospital,Private,,Samut Prakan
Mueang Samut Bang Pu Health Centre,Private,,Samut Prakan
Mueang Samut Pak Nam Hospital,Private,,Samut Prakan
Mueang Samut Pu Chao Saming Phrai Hospital,Private,,Samut Prakan
Paolo Memorial Hospital Samutprakarn,Private,,Samut Prakan
Piyamin Hospital,Private,,Samut Prakan
Ratrin Hospital,Private,,Samut Prakan
Ruamchai Pracharak Hospital,Private,,Samut Prakan
Samrong General Hospital,Private,,Samut Prakan
Ban Phaeo Hospital,Public,,Samut Sakhon
Krathum Baen Hospital,Public,,Samut Sakhon
Samut Sakhon Hospital,Public,,Samut Sakhon
Ekachai Hospital,Private,,Samut Sakhon
Jesada Vechakarn Hospital,Private,,Samut Sakhon
Mahachai 2 Hospital,Private,,Samut Sakhon
Mahachai 3 Hospital,Private,,Samut Sakhon
Mahachai Hospital Medical Specialty Center,Private,,Samut Sakhon
Srivichai 3 Hospital,Private,,Samut Sakhon
Srivichai 5 Hospital,Private,,Samut Sakhon
Amphawa Hospital,Public,,Samut Songkhram
Napalai (Bang Khonthi) Hospital,Public,,Samut Songkhram
Samut Songkhram Hospital,Public,,Samut Songkhram
Maeklong Hospital,Private,,Samut Songkhram
Ban Mo Hospital,Public,,Saraburi
Don Phut Hospital,Public,,Saraburi
Fort Adison Hospital,Public,,Saraburi
"Health Promotion Hospital, 2nd Regional Health Promotion Center",Public,,Saraburi
Kaeng Khoi Hospital,Public,,Saraburi
Muak Lek Hospital,Public,,Saraburi
Nong Don Hospital,Public,,Saraburi
Nong Khae Hospital,Public,,Saraburi
Nong Saeng Hospital,Public,,Saraburi
Phra Phutthabat Hospital,Public,,Saraburi
Sao Hai Hospital,Public,,Saraburi
Saraburi Hospital,Public,,Saraburi
Wang Muang Hospital,Public,,Saraburi
Wihan Daeng Hospital,Public,,Saraburi
Apinop Health Center,Private,,Saraburi
Kasemrad Hospital Saraburi,Private,,Saraburi
Mittraphap Memorial Hospital,Private,,Saraburi
Pabhavej Hospital,Private,,Saraburi
Khuan Don Hospital,Public,,Satun
Khuan Ka Long Hospital,Public,,Satun
La-ngu Hospital,Public,,Satun
Manang Hospital,Public,,Satun
Satun Hospital,Public,,Satun
Tha Phae Hospital,Public,,Satun
Thung Wa Hospital,Public,,Satun
Bang Rachan Hospital,Public,,Singburi
In Buri Hospital,Public,,Singburi
Khai Bang Rachan Hospital,Public,,Singburi
Phrom Buri Hospital,Public,,Singburi
Singburi Hospital,Public,,Singburi
Tha Chang Hospital,Public,,Singburi
Singburi Vechakarn Hospital,Private,,Singburi
Benchalak Chaloem Phrakiat Hospital Marking His Majesty the King's 80th Birthday,Public,,Sisaket
Bueng Bun Hospital,Public,,Sisaket
Huai Thap Than Hospital,Public,,Sisaket
Kantharalak Hospital,Public,,Sisaket
Kanthararom Hospital,Public,,Sisaket
Khu Khan Hospital,Public,,Sisaket
Khun Han Hospital,Public,,Sisaket
Mueang Chan Hospital,Public,,Sisaket
Nam Kliang Hospital,Public,,Sisaket
Non Khun Hospital,Public,,Sisaket
Phayu Hospital,Public,,Sisaket
Pho Si Suwan Hospital,Public,,Sisaket
Phrai Bueng Hospital,Public,,Sisaket
Phu Sing Hospital,Public,,Sisaket
Prang Ku Hospital,Public,,Sisaket
Rasi Salai Hospital,Public,,Sisaket
Sila Lat Hospital,Public,,Sisaket
Si Rattana Hospital,Public,,Sisaket
Sisaket Hospital,Public,,Sisaket
Uthumphon Phisai Hospital,Public,,Sisaket
Wang Hin Hospital,Public,,Sisaket
Yang Chum Noi Hospital,Public,,Sisaket
Pracharak Wetchakarn Hospital,Private,,Sisaket
Bang Klam Hospital,Public,,Songkhla
Chana Hospital,Public,,Songkhla
Fort Senanarong Hospital,Public,,Songkhla
Hatyai Hospital,Public,,Songkhla
Her Majesty the Queen's Hospital Na Thawi,Public,,Songkhla
Khlong Hoi Khong Hospital,Public,,Songkhla
Khuan Niang Hospital,Public,,Songkhla
Krasae Sin Hospital,Public,,Songkhla
Na Mom Hospital,Public,,Songkhla
Padang Besar Hospital,Public,,Songkhla
Prince of Songkla University Dental Hospital,Public,Dentistry,Songkhla
Ranot Hospital,Public,,Songkhla
Rattaphum Hospital,Public,,Songkhla
Royal Thai Air Force Wing 56 Hospital,Public,,Songkhla
Saba Yoi Hospital,Public,,Songkhla
Sadao Hospital,Public,,Songkhla
Sathing Phra Hospital,Public,,Songkhla
Singhanakhon Hospital,Public,,Songkhla
Songkhla Drug Dependence Treatment Center,Public,,Songkhla
Songkhla Hospital,Public,,Songkhla
Songkhla Naval Base Hospital,Public,,Songkhla
Songkhla Rajanakarindra Psychiatric Hospital,Public,Psychiatry,Songkhla
Songklanagarind Hospital,Public,,Songkhla
Thepha Hospital,Public,,Songkhla
Bangkok Hospital Hat Yai,Private,,Songkhla
Pattayavej Hospital,Private,,Songkhla
Rajyindee Hospital,Private,,Songkhla
Sikarin Hatyai Hospital,Private,,Songkhla
Tong Sia Siang Teung Foundation Hospital,Private,,Songkhla
Ban Dan Lan Hoi Hospital,Public,,Sukhothai
Khiri Mat Hospital,Public,,Sukhothai
Kong Krailat Hospital,Public,,Sukhothai
Sawankhalok Hospital,Public,,Sukhothai
Si Nakhon Hospital,Public,,Sukhothai
Si Satchanalai Hospital,Public,,Sukhothai
Srisangwon Sukhothai Hospital,Public,,Sukhothai
Sukhothai Hospital,Public,,Sukhothai
Thung Saliam Hospital,Public,,Sukhothai
Akhom Clinic,Private,,Sukhothai
Patanavej Sukothai Hospital,Private,,Sukhothai
Roumpath Sukhothai Hospital,Private,,Sukhothai
Bang Pla Ma Hospital,Public,,Suphanburi
Chaophraya Yommarat Hospital,Public,,Suphanburi
Dan Chang Hospital,Public,,Suphanburi
Doem Bang Nang Buat Hospital,Public,,Suphanburi
Don Chedi Hospital,Public,,Suphanburi
Nong Ya Sai Hospital,Public,,Suphanburi
Sam Chuk Hospital,Public,,Suphanburi
Si Prachan Hospital,Public,,Suphanburi
Somdejprasangkharach XVII Hospital,Public,,Suphanburi
U Thong Hospital,Public,,Suphanburi
Pornchai Hospital,Private,,Suphanburi
Samreang General Hospital,Private,,Suphanburi
Supamitr General Hospital,Private,,Suphanburi
Thonburi U Thong Hospital,Private,,Suphanburi
Vibhavadi Piyarasd Hospital,Private,,Suphanburi
Ban Na Doem Hospital,Public,,Surat?Thani
Ban Na San Hospital,Public,,Surat Thani
Ban Ta Khun Hospital,Public,,Surat Thani
Chai Buri Hospital,Public,,Surat Thani
Chaiya Hospital,Public,,Surat Thani
Don Sak Hospital,Public,,Surat Thani
Fort Vibhavadi Rangsit Hospital,Public,,Surat Thani
Kanchanadit Hospital,Public,,Surat Thani
Khian Sa Hospital,Public,,Surat Thani
Khiri Rat Nikhom Hospital,Public,,Surat Thani
Ko Phangan Hospital,Public,,Surat Thani
Ko Samui Hospital,Public,,Surat Thani
Phanom Hospital,Public,,Surat Thani
Phra Saeng Hospital,Public,,Surat Thani
Phun Phin Hospital,Public,,Surat Thani
Royal Thai Air Force Wing 67 Hospital,Public,,Surat Thani
Suan Saranrom Psychiatric Hospital,Public,Psychiatry,Surat Thani
Surat Thani Cancer Center,Public,Oncology,Surat Thani
Surat Thani Hospital,Public,,Surat Thani
Tha Chana Hospital,Public,,Surat Thani
Tha Chang Hospital,Public,,Surat Thani
Tha Rong Chang Hospital,Public,,Surat Thani
Vibhavadi Hospital,Public,,Surat Thani
Wiang Sa Crown Prince Hospital,Public,,Surat Thani
Ban Don Inter Hospital,Private,,Surat Thani
Bangkok Hospital Samui,Private,,Surat Thani
Samui International Hospital,Private,,Surat Thani
Srivichai Suratthani Hospital,Private,,Surat Thani
Thai International Hospital,Private,,Surat Thani
Thaksin Hospital,Private,,Surat Thani
Viengvej Hospital,Private,,Surat Thani
Bua Chet Hospital,Public,,Surin
Chom Phra Hospital,Public,,Surin
Chumphon Buri Hospital,Public,,Surin
Fort Weerawatyothin Hospital,Public,,Surin
Kap Choeng Hospital,Public,,Surin
Khwao Sinarin Hospital,Public,,Surin
Lamduan Hospital,Public,,Surin
Non Narai Hospital,Public,,Surin
Phanom Dongrak Chaloem Phrakiat Hospital Marking His Majesty the King's 80th Birthday,Public,,Surin
Prasat Hospital,Public,,Surin
Rattanaburi Hospital,Public,,Surin
Samrong Thap Hospital,Public,,Surin
Sangkha Hospital,Public,,Surin
Sanom Hospital,Public,,Surin
Sikhoraphum Hospital,Public,,Surin
Si Narong Hospital,Public,,Surin
Surin Hospital,Public,,Surin
Tha Tum Hospital,Public,,Surin
Ruampaet Hospital (Dr. Anan),Private,,Surin
Surin Ruam Phaet Hospital,Private,,Surin
Ban Tak Hospital,Public,,Tak
Fort Wachiraprakan Hospital,Public,,Tak
Mae Ramat Hospital,Public,,Tak
Mae Sot Hospital,Public,,Tak
Phop Phra Hospital,Public,,Tak
Sam Ngao Hospital,Public,,Tak
Somdet Phrachao Taksin Maharat Hospital,Public,,Tak
Tha Song Yang Hospital,Public,,Tak
Umphang Hospital,Public,,Tak
Wang Chao Hospital,Public,,Tak
Pawo Hospital,Private,,Tak
Hat Samran Chaloem Phrakiat Hospital Marking His Majesty the King's 80th Birthday,Public,,Trang
Huai Yot Hospital,Public,,Trang
Kantang Hospital,Public,,Trang
Na Yong Hospital,Public,,Trang
Palian Hospital,Public,,Trang
Ratsada Hospital,Public,,Trang
Sikao Hospital,Public,,Trang
Trang Hospital,Public,,Trang
Trang Regional Center of Tropical Dermatology,Public,Dermatology,Trang
Wang Wiset Hospital,Public,,Trang
Yan Ta Khao Hospital,Public,,Trang
Huai Yot Hospital,Private,,Trang
Ratchadamnoen Hospital,Private,,Trang
Trangruampat Hospital,Private,,Trang
Wattanapat Hospital,Private,,Trang
Bo Rai Hospital,Public,,Trat
Khao Saming Hospital,Public,,Trat
Khlong Yai Hospital,Public,,Trat
Ko Chang Hospital,Public,,Trat
Ko Kut Hospital,Public,,Trat
Laem Ngop Hospital,Public,,Trat
Trat Hospital,Public,,Trat
Bangkok Hospital Trat,Private,,Trat
Buntharik Hospital,Public,,Ubon Ratchathani
Det Udom Crown Prince Hospital,Public,,Ubon Ratchathani
Don Mot Daeng Hospital,Public,,Ubon Ratchathani
Fort Sapphasitthiprasong Hospital,Public,,Ubon Ratchathani
"Health Promotion Hospital, 7th Regional Health Promotion Center",Public,,Ubon Ratchathani
Khemarat Hospital,Public,,Ubon Ratchathani
Khong Chiam Hospital,Public,,Ubon Ratchathani
Khueang Nai Hospital,Public,,Ubon Ratchathani
Kut Khao Pun Hospital,Public,,Ubon Ratchathani
Lao Suea Kok Hospital,Public,,Ubon Ratchathani
Muang Sam Sip Hospital,Public,,Ubon Ratchathani
Na Chaluai Hospital,Public,,Ubon Ratchathani
Na Tan Hospital,Public,,Ubon Ratchathani
Na Yia Hospital,Public,,Ubon Ratchathani
Nam Khun Hospital,Public,,Ubon Ratchathani
Nam Yuen Hospital,Public,,Ubon Ratchathani
Phibun Mangsahan Hospital,Public,,Ubon Ratchathani
Pho Sai Hospital,Public,,Ubon Ratchathani
Prasrimahabhodi Psychiatric Hospital,Public,Psychiatry,Ubon Ratchathani
Prince Maha Vajiralongkorn 50th Birthday Hospital,Public,,Ubon Ratchathani
Royal Thai Air Force Wing 21 Hospital,Public,,Ubon Ratchathani
Samrong Hospital,Public,,Ubon Ratchathani
Sawang Wirawong Hospital,Public,,Ubon Ratchathani
Sunpasithiprasong Hospital,Public,,Ubon Ratchathani
Si Mueang Mai Hospital,Public,,Ubon Ratchathani
Sirindhorn Hospital,Public,,Ubon Ratchathani
Tan Sum Hospital,Public,,Ubon Ratchathani
Thung Si Udom Hospital,Public,,Ubon Ratchathani
Trakan Phuet Phon Hospital,Public,,Ubon Ratchathani
Ubon Ratchathani Cancer Center,Public,Oncology,Ubon Ratchathani
Ubon Ratchathani University Hospital,Public,,Ubon Ratchathani
Warin Chamrap Hospital,Public,,Ubon Ratchathani
Rajavej Hospital,Private,,Ubon Ratchathani
Roamklao Hospital,Private,,Ubon Ratchathani
Ubonrak Thonburi Hospital,Private,,Ubon Ratchathani
Ban Dung Crown Prince Hospital,Public,,Udon Thani
Ban Phue Hospital,Public,,Udon Thani
Chai Wan Hospital,Public,,Udon Thani
Fort Prachaksilapakhom Hospital,Public,,Udon Thani
Huai Koeng Hospital,Public,,Udon Thani
Ku Kaeo Hospital,Public,,Udon Thani
Kumphawapi Hospital,Public,,Udon Thani
Kut Chap Hospital,Public,,Udon Thani
Na Yung Hospital,Public,,Udon Thani
Nam Som Hospital,Public,,Udon Thani
Non Sa-at Hospital,Public,,Udon Thani
Nong Han Hospital,Public,,Udon Thani
Nong Saeng Hospital,Public,,Udon Thani
Nong Wua So Hospital,Public,,Udon Thani
Phen Hospital,Public,,Udon Thani
Phibun Rak Hospital,Public,,Udon Thani
Prachaksinlapakhom Hospital,Public,,Udon Thani
Royal Thai Air Force Wing 23 Hospital,Public,,Udon Thani
Sang Khom Hospital,Public,,Udon Thani
Si That Hospital,Public,,Udon Thani
Thung Fon Hospital,Public,,Udon Thani
Udon Thani Cancer Center,Public,Oncology,Udon Thani
Udon Thani Drug Dependence Treatment Center,Public,,Udon Thani
Udon Thani Hospital,Public,,Udon Thani
Wang Sam Mo Hospital,Public,,Udon Thani
Aek Udon International Hospital,Private,,Udon Thani
Chai-Kasem Hospital,Private,,Udon Thani
Dr. Phairoj Hospital,Private,,Udon Thani
North Eastern Wattana Hospital,Private,,Udon Thani
Panyavej Inter Hospital,Private,,Udon Thani
Rattana Phaet Hospital,Private,,Udon Thani
Ban Rai Hospital,Public,,Uthai Thani
Huai Khot Hospital,Public,,Uthai Thani
Lan Sak Hospital,Public,,Uthai Thani
Nong Chang Hospital,Public,,Uthai Thani
Nong Kha Yang Hospital,Public,,Uthai Thani
Sawang Arom Hospital,Public,,Uthai Thani
Thap Than Hospital,Public,,Uthai Thani
Uthai Thani Hospital,Public,,Uthai Thani
Ban Khok Hospital,Public,,Uttaradit
Fak Tha Hospital,Public,,Uttaradit
Fort Phichai Dabhak Hospital,Public,,Uttaradit
Lap Lae Hospital,Public,,Uttaradit
Nam Pat Hospital,Public,,Uttaradit
Phichai Hospital,Public,,Uttaradit
Tha Pla Hospital,Public,,Uttaradit
Thong Saen Khan Hospital,Public,,Uttaradit
Tron Hospital,Public,,Uttaradit
Uttaradit Hospital,Public,,Uttaradit
Bannang Sata Hospital,Public,,Yala
Betong Hospital,Public,,Yala
"Health Promotion Hospital, 12th Regional Health Promotion Center",Public,,Yala
Kabang Hospital,Public,,Yala
Krong Pinang Hospital,Public,,Yala
Raman Hospital,Public,,Yala
Than To Hospital,Public,,Yala
Yaha Crown Prince Hospital,Public,,Yala
Yala Hospital,Public,,Yala
Siroros Hospital,Private,,Yala
Kham Khuean Kaeo Hospital,Public,,Yasothon
Kho Wang Hospital,Public,,Yasothon
Kut Chum Hospital,Public,,Yasothon
Loeng Nok Tha Crown Prince Hospital,Public,,Yasothon
Maha Chana Chai Hospital,Public,,Yasothon
Pa Tio Hospital,Public,,Yasothon
Sai Mun Hospital,Public,,Yasothon
Thai Charoen Hospital,Public,,Yasothon
Yasothon Hospital,Public,,Yasothon
Dr. Hann Hospital,Private,,Yasothon
Hann International Hospital,Private,,Yasothon
