name,province,district,beds (2024),funding,specialty
Abhakara Kiartivongse Hospital,Chonburi,,,Public,
Aek Udon International Hospital,Udon Thani,,,Private,
Aikchol 2 Hospital,Chonburi,,,Private,
Aikchol Hospital,Chonburi,,,Private,
Akat Amnuai Hospital,Sakon Nakhon,Akat Amnuai,82,Public,
Akhom Clinic,Sukhothai,,,Private,
Amnat Charoen Hospital,Amnat Charoen,Mueang,444,Public,
Amphawa Hospital,Samut Songkhram,Amphawa,33,Public,
Anan Phatthana 2 Hospital,Nonthaburi,,,Private,
Anandamahidol Hospital,Lopburi,,,Public,
Andaman Ranong Medical,Ranong,,,Private,
Ang Thong Hospital,Ang Thong,Mueang,324,Public,
Ang Thong Wetchakan Hospital,Ang Thong,,,Private,
Ao Luek Hospital,Krabi,Ao Luek,85,Public,
Apinop Health Center,Saraburi,,,Private,
Aranyaprathet Hospital,Sa Kaeo,Aranyaprathet,260,Public,
Asoke Skin Hospital,Bangkok,,,Private,
At Samat Hospital,Roi Et,At Samat,39,Public,
B.Care Medical Center,Bangkok,,,Private,
BNH Hospital,Bangkok,,,Private,
Ba Cho Hospital,Narathiwat,,,Public,
Bacho Hospital,Narathiwat,Bacho,68,Public,
Bamnet Narong Hospital,Chaiyaphum,Bamnet Narong,64,Public,
Bamrasnaradura Infectious Diseases Institute,Nonthaburi,,,Public,Infectious diseases
Ban Bueng Hospital,Chonburi,Ban Bueng,170,Public,
Ban Chang Hospital,Rayong,Ban Chang,75,Public,
Ban Dan Hospital,Buriram,Ban Dan,63,Public,
Ban Dan Lan Hoi Hospital,Sukhothai,Ban Dan Lan Hoi,35,Public,
Ban Don Inter Hospital,Surat Thani,,,Private,
Ban Dung Crown Prince Hospital,Udon Thani,Ban Dung,139,Public,
Ban Fang Hospital,Khon Kaen,Ban Fang,30,Public,
Ban Hong Hospital,Lamphun,Ban Hong,30,Public,
Ban Kha Hospital,Ratchaburi,Ban Kha,30,Public,
Ban Khai Hospital,Rayong,Ban Khai,48,Public,
Ban Khok Hospital,Uttaradit,Ban Khok,31,Public,
Ban Khwao Hospital,Chaiyaphum,Ban Khwao,36,Public,
Ban Kruat Hospital,Buriram,Ban Kruat,63,Public,
Ban Laem Hospital,Phetchaburi,Ban Laem,37,Public,
Ban Lat Hospital,Phetchaburi,Ban Lat,32,Public,
Ban Luang Hospital,Nan,Ban Luang,33,Public,
Ban Lueam Hospital,Nakhon Ratchasima,Ban Lueam,35,Public,
Ban Mai Chaiyaphot Hospital,Buriram,Ban Mai Chaiyaphot,30,Public,
Ban Mi Hospital,Lopburi,Ban Mi,258,Public,
Ban Mo Hospital,Saraburi,Ban Mo,30,Public,
Ban Muang Hospital,Sakon Nakhon,Ban Muang,82,Public,
Ban Na Doem Hospital,Surat Thani,Ban Na Doem,30,,
Ban Na Doem Hospital,Surat?Thani,,,Public,
Ban Na Hospital,Nakhon Nayok,Ban Na,70,Public,
Ban Na San Hospital,Surat Thani,Ban Na San,65,Public,
Ban Phaeng Hospital,Nakhon Phanom,Ban Phaeng,43,Public,
Ban Phaeo Hospital,Samut Sakhon,,,Public,
Ban Phai Hospital,Khon Kaen,Ban Phai,142,Public,
Ban Pho Hospital,Chachoengsao,Ban Pho,52,Public,
Ban Phraek Hospital,Ayutthaya,,,Public,
Ban Phraek Hospital,Phra Nakhon Si Ayutthaya,Ban Phraek,10,,
Ban Phue Hospital,Udon Thani,Ban Phue,126,Public,
Ban Pong Hospital,Ratchaburi,Ban Pong,353,Public,
Ban Rai Hospital,Uthai Thani,Ban Rai,62,Public,
Ban Sang Hospital,Prachinburi,Ban Sang,30,Public,
Ban Ta Khun Hospital,Surat Thani,Ban Ta Khun,30,Public,
Ban Tak Hospital,Tak,Ban Tak,65,Public,
Ban Thaen Hospital,Chaiyaphum,Ban Thaen,30,Public,
Ban Thi Hospital,Lamphun,Ban Thi,30,Public,
Bang Ban Hospital,Ayutthaya,,,Public,
Bang Ban Hospital,Phra Nakhon Si Ayutthaya,Bang Ban,26,,
Bang Bo Hospital,Samut Prakan,Bang Bo,191,Public,
Bang Bua Thong 2 Hospital,Nonthaburi,,,Public,
Bang Bua Thong Hospital,Nonthaburi,Bang Bua Thong,102,Public,
Bang Chak Hospital,Samut Prakan,Phra Pradaeng,104,Public,
Bang Kaeo Hospital,Phatthalung,Bang Kaeo,30,Public,
Bang Khan Hospital,Nakhon Si Thammarat,Bang Khan,38,Public,
Bang Khla Hospital,Chachoengsao,Bang Khla,52,Public,
Bang Khun Thian Hospital,Bangkok,,,Public,Geriatrics
Bang Klam Hospital,Songkhla,Bang Klam,40,Public,
Bang Krathum Hospital,Phitsanulok,Bang Krathum,30,Public,
Bang Kruai Hospital,Nonthaburi,Bang Kruai,60,Public,
Bang Lamung Hospital,Chonburi,,,Public,
Bang Len Hospital,Nakhon Pathom,Bang Len,79,Public,
Bang Mun Nak Hospital,Phichit,Bang Mun Nak,90,Public,
Bang Nam Priao Hospital,Chachoengsao,Bang Nam Priao,64,Public,
Bang Pa-in Hospital,Ayutthaya,,,Public,
Bang Pa-in Hospital,Phra Nakhon Si Ayutthaya,Bang Pa-in,96,,
Bang Pahan Hospital,Ayutthaya,,,Public,
Bang Pahan Hospital,Phra Nakhon Si Ayutthaya,Bang Pahan,35,,
Bang Pakong Hospital,Chachoengsao,Bang Pakong,90,Public,
Bang Phae Hospital,Ratchaburi,Bang Phae,48,Public,
Bang Phai Hospital,Bangkok,,,Private,
Bang Phli Hospital,Samut Prakan,Bang Phli,286,Public,
Bang Pla Ma Hospital,Suphan Buri,Bang Pla Ma,60,,
Bang Pla Ma Hospital,Suphanburi,,,Public,
Bang Rachan Hospital,Singburi,Bang Rachan,35,Public,
Bang Rakam Hospital,Phitsanulok,Bang Rakam,69,Public,
Bang Sai - Takua Pa Hospital,Phang Nga,Takua Pa,0,,
Bang Sai Hospital,Ayutthaya,,,Public,
Bang Sai Hospital,Ayutthaya,,,Public,
Bang Sai Hospital,Phang Nga,,,Public,
Bang Sai Hospital,Phra Nakhon Si Ayutthaya,Bang Sai (1404),39,,
Bang Sai Hospital,Phra Nakhon Si Ayutthaya,Bang Sai (1413),10,,
Bang Sao Thong Hospital,Samut Prakan,Bang Sao Thong,20,Public,
Bang Saphan Hospital,Prachuap Khiri Khan,Bang Saphan,156,Public,
Bang Saphan Noi Hospital,Prachuap Khiri Khan,Bang Saphan Noi,30,Public,
Bang Yai Hospital,Nonthaburi,Bang Yai,104,Public,
Bangkhunthian Health Center,Bangkok,,,Private,
Bangkok Adventist Hospital,Bangkok,,,Private,
Bangkok Cancer Center Hospital,Bangkok,,,Private,
Bangkok Christian Hospital,Bangkok,,,Private,
Bangkok Christian Hospital Nakhon Pathom,Nakhon Pathom,,,Private,
Bangkok Chureevetch Hospital,Roi Et,,,Private,
Bangkok Heart Hospital,Bangkok,,,Private,
Bangkok Hospital,Bangkok,,,Private,
Bangkok Hospital Chanthaburi,Chanthaburi,,,Private,
Bangkok Hospital Hat Yai,Songkhla,,,Private,
Bangkok Hospital Pakchong,Nakhon Ratchasima,,,Private,
Bangkok Hospital Phrapradaeng,Samut Prakan,,,Private,
Bangkok Hospital Phuket,Phuket,,,Private,
Bangkok Hospital Ratchasima,Nakhon Ratchasima,,,Private,
Bangkok Hospital Rayong,Rayong,,,Private,
Bangkok Hospital Samui,Surat Thani,,,Private,
Bangkok Hospital Trat,Trat,,,Private,
Bangkok Hospital?Pattaya,Chonburi,,,Private,
Bangkok International Hospital,Bangkok,,,Private,
Bangkok Metropolitan Administration General Hospital (Klang Hospital),Bangkok,,,Public,
Bangkok Metropolitan Administration Lat Krabang Hospital,Bangkok,,,Public,
Bangmod 3 Hospital,Bangkok,,,Private,
Bangmod Hospital,Bangkok,,,Private,
Bangna General Hospital,Bangkok,,,Private,
Bangna General Hospital 2,Samut Prakan,,,Private,
Bangna General Hospital 5,Samut Prakan,,,Private,
Bangpakok 1 Hospital,Bangkok,,,Private,
Bangpakok 2 Hospital,Bangkok,,,Private,
Bangpakok 3 Hospital,Samut Prakan,,,Private,
Bangpakok 8 Hospital,Bangkok,,,Private,
Bangpakok 9 International Hospital,Bangkok,,,Private,
Bangpo General Hospital,Bangkok,,,Private,
Bannang Sata Hospital,Yala,Bannang Sata,60,Public,
Banphaeo Hospital (Prommitr),Bangkok,,,Public,
Banphot Phisai Hospital,Nakhon Sawan,Banphot Phisai,90,Public,
Benchalak Chaloem Phrakiat Hospital,Sisaket,Benchalak,30,,
Benchalak Chaloem Phrakiat Hospital Marking His Majesty the King's 80th Birthday,Sisaket,,,Public,
Benjarom Hospital,Lopburi,,,Private,
Betong Hospital,Yala,Betong,170,Public,
Better Being Hospital,Bangkok,,,Private,
Bhumibol Adulyadej Hospital,Bangkok,,,Public,
Bhumirajanakarindra Kidney Institute Hospital,Bangkok,,,Private,
Bo Kluea Hospital,Nan,Bo Kluea,20,Public,
Bo Phloi Hospital,Kanchanaburi,Bo Phloi,60,Public,
Bo Rai Hospital,Trat,Bo Rai,37,Public,
Bo Thong Hospital,Chonburi,Bo Thong,70,Public,
Borabue Hospital,Maha Sarakham,Borabue,165,Public,
Bua Chet Hospital,Surin,Bua Chet,50,Public,
Bua Lai Hospital,Nakhon Ratchasima,Bua Lai,10,Public,
Bua Yai Hospital,Nakhon Ratchasima,Bua Yai,200,Public,
Bua Yai Ruam Phaet Hospital,Nakhon Ratchasima,,,Private,
Buddhachinaraj Phitsanulok Hospital,Phitsanulok,Mueang,952,Public,
Buddhasothorn Hospital,Chachoengsao,Mueang,652,Public,
Bueng Bun Hospital,Sisaket,Bueng Bun,30,Public,
Bueng Kan Hospital,Bueng Kan,Mueang,272,Public,
Bueng Khong Long Hospital,Bueng Kan,Bueng Khong Long,45,Public,
Bueng Na Rang Hospital,Phichit,Bueng Na Rang,24,Public,
Bueng Sam Phan Hospital,Phetchabun,Bueng Sam Phan,90,Public,
Bueng Samakkhi Hospital,Kamphaeng Phet,Bueng Samakkhi,30,Public,
Bumrungrad International Hospital,Bangkok,,,Private,
Bung Khla Hospital,Bueng Kan,Bung Khla,32,Public,
Buntharik Hospital,Ubon Ratchathani,Buntharik,61,Public,
Burachat Chaiyakorn Hospital,Bangkok,,,Public,
Burapha University Hospital,Chonburi,,,Public,
Buriram Hospital,Buriram,Mueang,927,Public,
Camillian Hospital,Bangkok,,,Private,
Central Chest Institute of Thailand,Nonthaburi,,,Public,Pulmonology
Central Chiangmai Memorial Hospital,Chiang Mai,,,Private,
Central Correctional Hospital,Bangkok,,,Public,
Central General Hospital,Bangkok,,,Private,
Central Park Hospital,Samut Prakan,,,Private,
Central Women's Correctional Institution Medical Centre,Bangkok,,,Public,
Cha-am Hospital,Phetchaburi,Cha-am,90,Public,
Cha-uat Hospital,Nakhon Si Thammarat,Cha-uat,90,Public,
Chae Hom Hospital,Lampang,Chae Hom,32,Public,
Chai Badan Hospital,Lopburi,Chai Badan,140,Public,
Chai Buri Hospital,Surat Thani,Chai Buri,30,Public,
Chai Nat Narenthorn Hospital,Chai Nat,Mueang,367,,
Chai Prakan Hospital,Chiang Mai,Chai Prakan,45,Public,
Chai Wan Hospital,Udon Thani,Chai Wan,30,Public,
Chai-Kasem Hospital,Udon Thani,,,Private,
Chaiaroon Vechagarn Hospital,Phichit,,,Private,
Chainat Narenthorn Hospital,Chainat,,,Public,
Chaiprakarn Hospital,Samut Prakan,,,Private,
Chaiya Hospital,Surat Thani,Chaiya,60,Public,
Chaiyaphum Hospital,Chaiyaphum,Mueang,793,Public,
Chaiyaphum Ram Hospital,Chaiyaphum,,,Private,
Chaiyaphum Ruamphart Hospital,Chaiyaphum,,,Private,
Chaiyo Hospital,Ang Thong,Chaiyo,52,Public,
Chakkarat Hospital,Nakhon Ratchasima,Chakkarat,90,Public,
Chaloem Phra Kiat Hospital,Nakhon Ratchasima,Chaloem Phra Kiat,36,Public,
Chaloem Phra Kiat Hospital,Nakhon Si Thammarat,Chaloem Phra Kiat,39,Public,
Chaloem Phrakiat Hospital,Buriram,Chaloem Phrakiat,38,Public,
Chaloem Phrakiat Hospital,Nan,Chaloem Phrakiat,34,Public,
Chalong Hospital,Phuket,Mueang,48,,
Chamni Hospital,Buriram,Chamni,40,Public,
Chana Hospital,Songkhla,Chana,64,Public,
Chanae Hospital,Narathiwat,Chanae,60,Public,
Chandrubeksa Hospital,Nakhon Pathom,,,Public,
Chang Phuak Hospital,Chiang Mai,,,Private,
Changhan Hospital,Roi Et,Changhan,35,Public,
Chanuman Hospital,Amnat Charoen,Chanuman,30,Public,
Chao Khun Phaibun Phanom Thuan Hospital,Kanchanaburi,Phanom Thuan,59,Public,
Chao Phraya Yommarat Hospital,Suphan Buri,Mueang,738,,
Chaophraya Abhaibhubejhr Hospital,Prachinburi,Mueang,504,Public,
Chaophraya Yommarat Hospital,Suphanburi,,,Public,
Chaophya Hospital,Bangkok,,,Private,
Charoen Sin Hospital,Sakon Nakhon,Charoen Sin,40,Public,
Charoenkrung Pracharak Hospital,Bangkok,,,Public,
Chat Trakan Hospital,Phitsanulok,Chat Trakan,30,Public,
Chatturat Hospital,Chaiyaphum,Chatturat,90,Public,
Chaturaphak Phiman Hospital,Roi Et,Chaturaphak Phiman,65,Public,
Chawang Crown Prince Hospital,Nakhon Si Thammarat,Chawang,143,Public,
Chet Samian Hospital,Ratchaburi,Photharam,30,Public,
Chian Yai Hospital,Nakhon Si Thammarat,Chian Yai,54,Public,
Chiang Dao Hospital,Chiang Mai,Chiang Dao,95,Public,
Chiang Kham Hospital,Phayao,Chiang Kham,231,Public,
Chiang Khan Hospital,Loei,Chiang Khan,59,Public,
Chiang Khong Crown Prince Hospital,Chiang Rai,Chiang Khong,72,Public,
Chiang Khwan Hospital,Roi Et,Chiang Khwan,0,Public,
Chiang Klang Hospital,Nan,Chiang Klang,28,Public,
Chiang Mai Municipality Hospital,Chiang Mai,,,Public,
Chiang Mai Neurological Hospital,Chiang Mai,,,Public,Neurology
Chiang Mai Ram Hospital 1,Chiang Mai,,,Private,
Chiang Muan Hospital,Phayao,Chiang Muan,36,Public,
Chiang Saen Hospital,Chiang Rai,Chiang Saen,58,Public,
Chiang Yuen Hospital,Maha Sarakham,Chiang Yuen,60,Public,
Chiangmai Klaimor Hospital,Chiang Mai,,,Private,
Chiangrai Prachanukroh Hospital,Chiang Rai,Mueang,798,Public,
Children Hospital and Medical Clinic,Chiang Mai,,,Private,
Chinkate Medical Center and Nursing Home,Bangkok,,,Private,
Chiva-Som Health Resort,Prachuap Khiri Khan,,,Private,
Cho Ai Rong Hospital,Narathiwat,Cho Ai Rong,30,Public,
Chok Chai Hospital,Nakhon Ratchasima,Chok Chai,91,Public,
Chollada Hospital,Nonthaburi,,,Private,
Chom Bueng Crown Prince Hospital,Ratchaburi,Chom Bueng,60,Public,
Chom Phra Hospital,Surin,Chom Phra,60,Public,
Chom Thong Hospital,Chiang Mai,Chom Thong,242,Public,
Chon Daen Hospital,Phetchabun,Chon Daen,60,Public,
Chonburi Cancer Center,Chonburi,,,Public,Oncology
Chonburi Hospital,Chonburi,Mueang,866,Public,
Chongkae Hospital,Nakhon Sawan,,,Private,
Chonlavej Hospital,Chonburi,,,Private,
Chonnabot Hospital,Khon Kaen,Chonnabot,35,Public,
Chuen Chom Hospital,Maha Sarakham,Chuen Chom,30,Public,
Chulabhorn Hospital,Bangkok,,,Public,Oncology
Chulabhorn Hospital,Nakhon Si Thammarat,Chulabhorn,32,Public,
Chulachomklao Royal Military Academy Hospital,Nakhon Nayok,,,Public,
Chularat 1 Hospital,Samut Prakan,,,Private,
Chularat 11 Hospital,Chachoengsao,,,Private,
Chularat 3 Hospital,Samut Prakan,,,Private,
Chularat 5 Hospital,Samut Prakan,,,Private,
Chularat 9 Hospital,Samut Prakan,,,Private,
Chulavej Hospital,Samut Prakan,,,Private,
Chum Phae Hospital,Khon Kaen,Chum Phae,360,Public,
Chum Phuang Hospital,Nakhon Ratchasima,Chum Phuang,70,Public,
Chum Saeng Hospital,Nakhon Sawan,Chum Saeng,60,Public,
Chum Ta Bong Hospital,Nakhon Ratchasima,,,Public,
Chum Ta Bong Hospital,Nakhon Sawan,Chum Ta Bong,5,,
Chumphon Buri Hospital,Surin,Chumphon Buri,60,Public,
Chumphon Khet Udomsak Hospital,Chumphon,Mueang,522,Public,
Chun Hospital,Phayao,Chun,52,Public,
Damnoen Saduak Hospital,Ratchaburi,Damnoen Saduak,272,Public,
Dan Chang Hospital,Suphan Buri,Dan Chang,111,,
Dan Chang Hospital,Suphanburi,,,Public,
Dan Khun Thot Hospital,Nakhon Ratchasima,Dan Khun Thot,120,Public,
Dan Makham Tia Hospital,Kanchanaburi,Dan Makham Tia,56,Public,
Dan Sai Crown Prince Hospital,Loei,Dan Sai,60,Public,
Dara Rasmi Hospital,Chiang Mai,,,Public,
Debaratana Nakhon Ratchasima Hospital,Nakhon Ratchasima,Mueang,276,,
Debaratana Vejjanukula Hospital,Chiang Mai,Mae Chaem,60,,
Decha Hospital,Bangkok,,,Private,
Den Chai Crown Prince Hospital,Phrae,Den Chai,38,Public,
"Dental Hospital, Chiang Mai University",Chiang Mai,,,Public,Dentistry
Det Udom Crown Prince Hospital,Ubon Ratchathani,Det Udom,363,Public,
Doctor Pradit Clinic,Ratchaburi,,,Private,
Doctor Sanguan Hospital,Ratchaburi,,,Private,
Doem Bang Nang Buat Hospital,Suphan Buri,Doem Bang Nang Buat,109,,
Doem Bang Nang Buat Hospital,Suphanburi,,,Public,
Doi Lo Hospital,Chiang Mai,Doi Lo,31,Public,
Doi Luang Hospital,Chiang Rai,Doi Luang,0,Public,
Doi Saket Hospital,Chiang Mai,Doi Saket,60,Public,
Doi Tao Hospital,Chiang Mai,Doi Tao,30,Public,
Dok Kham Tai Hospital,Phayao,Dok Kham Tai,60,Public,
Don Chan Hospital,Kalasin,Don Chan,14,Public,
Don Chedi Hospital,Suphan Buri,Don Chedi,60,,
Don Chedi Hospital,Suphanburi,,,Public,
Don Mot Daeng Hospital,Ubon Ratchathani,Don Mot Daeng,30,Public,
Don Phut Hospital,Saraburi,Don Phut,15,Public,
Don Sak Hospital,Surat Thani,Don Sak,30,Public,
Don Tan Hospital,Mukdahan,Don Tan,30,Public,
Don Tum Hospital,Nakhon Pathom,Don Tum,38,Public,
Dong Charoen Hospital,Phichit,Dong Charoen,22,Public,
Dong Luang Hospital,Mukdahan,Dong Luang,30,Public,
Dr. Hann Hospital,Yasothon,,,Private,
Dr. Lek Hospital,Chumphon,,,Private,
Dr. Panya General Hospital,Bangkok,,,Private,
Dr. Phairoj Hospital,Udon Thani,,,Private,
Dr. Surachet Hospital,Buriram,,,Private,
Ek Pathum Hospital,Pathum Thani,,,Private,
Ekachai Hospital,Samut Sakhon,,,Private,
Ekachon Buriram Hospital,Buriram,,,Private,
Ekkachon Mueang Kamphaeng Hospital,Kamphaeng Phet,,,Private,
Erawan Hospital,Loei,Erawan,32,Public,
Explosives Factory Division Medical Center,Ayutthaya,,,Public,
Eye Ear Nose Throat Hospital,Bangkok,,,Private,
Fak Tha Hospital,Uttaradit,Fak Tha,30,Public,
Fang Hospital,Chiang Mai,Fang,232,Public,
Fao Rai Hospital,Nong Khai,Fao Rai,30,Public,
Fort Adison Hospital,Saraburi,,,Public,
Fort Chakkraphong Hospital,Prachinburi,,,Public,
Fort Inkhayutthaborihan Hospital,Pattani,,,Public,
Fort Jiraprawat Hospital,Nakhon Sawan,,,Public,
Fort Kawila Hospital,Chiang Mai,,,Public,
Fort Khet Udomsak Hospital,Chumphon,,,Public,
Fort Khunchueangthammikkarat Hospital,Phayao,,,Public,
Fort Krit Srivara Hospital,Sakon Nakhon,,,Public,
Fort Mengraimaharat Hospital,Chiang Rai,,,Public,
Fort Nawamintharachini Hospital,Chonburi,,,Public,
Fort Phanurangsi Hospital,Ratchaburi,,,Public,
Fort Phichai Dabhak Hospital,Uttaradit,,,Public,
Fort Phokhunphamueang Hospital,Phetchabun,,,Public,
Fort Phrayotmueangkhwang Hospital,Nakhon Phanom,,,Public,
Fort Prachaksilapakhom Hospital,Udon Thani,,,Public,
Fort Ramratchaniwet Hospital,Phetchaburi,,,Public,
Fort Sapphasitthiprasong Hospital,Ubon Ratchathani,,,Public,
Fort Saritsena Hospital,Phitsanulok,,,Public,
Fort Senanarong Hospital,Songkhla,,,Public,
Fort Siphatcharin Hospital,Khon Kaen,,,Public,
Fort Somdet Phra Naresuan Maharat Hospital,Phitsanulok,,,Public,
Fort Somdet Phraphutthayotfa Chulalok Maharat Hospital,Roi Et,,,Public,
Fort Somdetchaophrayamahakasatsuek Hospital,Buriram,,,Public,
Fort Srisongrak Hospital,Loei,,,Public,
Fort Suranari Hospital,Nakhon Ratchasima,,,Public,
Fort Surasakmontri Hospital,Lampang,,,Public,
Fort Surasi Hospital,Kanchanaburi,,,Public,
Fort Surasinghanat Hospital,Sa Kaeo,,,Public,
Fort Suriyaphong Hospital,Nan,,,Public,
Fort Thanarat Hospital,Prachuap Khiri Khan,,,Public,
Fort Thepsatrisisunthon Hospital,Nakhon Si Thammarat,,,Public,
Fort Vajiravudh Hospital,Nakhon Si Thammarat,,,Public,
Fort Vibhavadi Rangsit Hospital,Surat Thani,,,Public,
Fort Wachiraprakan Hospital,Tak,,,Public,
Fort Weerawatyothin Hospital,Surin,,,Public,
Galaya Rajanakarindra Institute,Bangkok,,,Public,Psychiatry
Galyanivadhanakarun Hospital,Narathiwat,,,Public,
Golden Jubilee Medical Center,Nakhon Pathom,,,Public,
Golden Years Hospital,Bangkok,,,Private,
HRH Princess Maha Chakri Sirindhorn Medical Center,Nakhon Nayok,,,Public,
HRH Princess Sirindhorn Memorial Hospital Rayong (Map Taphut),Rayong,Mueang,176,,
HRH Princess Sirindhorn Rayong (Map Taphut) Hospital,Rayong,,,Public,
HRH The Princess Mother Centenary Hospital Mueang Yang,Nakhon Ratchasima,Mueang Yang,30,,
Han Kha Hospital,Chai Nat,Han Kha,30,,
Han Kha Hospital,Chainat,,,Public,
Hang Chat Hospital,Lampang,Hang Chat,30,Public,
Hang Dong Hospital,Chiang Mai,Hang Dong,90,Public,
Hann International Hospital,Yasothon,,,Private,
Hariphunchai Memorial Hospital,Lamphun,,,Private,
Hat Samran Chaloem Phrakiat Hospital,Trang,Hat Samran,37,,
Hat Samran Chaloem Phrakiat Hospital Marking His Majesty the King's 80th Birthday,Trang,,,Public,
Hatyai Hospital,Songkhla,Hat Yai,797,Public,
"Health Promotion Hospital, 10th Regional Health Promotion Center",Chiang Mai,,,Public,
"Health Promotion Hospital, 11th Regional Health Promotion Center",Nakhon Si Thammarat,,,Public,
"Health Promotion Hospital, 12th Regional Health Promotion Center",Yala,,,Public,
"Health Promotion Hospital, 1st Regional Health Promotion Center",Bangkok,,,Public,
"Health Promotion Hospital, 2nd Regional Health Promotion Center",Saraburi,,,Public,
"Health Promotion Hospital, 3rd Regional Health Promotion Center",Chonburi,,,Public,
"Health Promotion Hospital, 4th Regional Health Promotion Center",Ratchaburi,,,Public,
"Health Promotion Hospital, 5th Regional Health Promotion Center",Nakhon Ratchasima,,,Public,
"Health Promotion Hospital, 5th Regional Health Promotion Center",Nakhon Ratchasima,,,Public,
"Health Promotion Hospital, 6th Regional Health Promotion Center",Khon Kaen,,,Public,
"Health Promotion Hospital, 7th Regional Health Promotion Center",Ubon Ratchathani,,,Public,
"Health Promotion Hospital, 8th Regional Health Promotion Center",Nakhon Sawan,,,Public,
Her Majesty the Queen's Hospital Na Thawi,Songkhla,Na Thawi,150,Public,
Hospital for Tropical Diseases,Bangkok,,,Public,Tropical diseases
"Hospital of the Faculty of Dentistry, Chulalongkorn University",Bangkok,,,Public,Dentistry
Hot Hospital,Chiang Mai,Hot,79,Public,
Hua Chiew Hospital,Bangkok,,,Private,
Hua Hin Chalerm Prakiet Red Cross Health Station,Prachuap Khiri Khan,,,Public,
Hua Hin Hospital,Prachuap Khiri Khan,Hua Hin,395,Public,
Hua Sai Hospital,Nakhon Si Thammarat,Hua Sai,60,Public,
Hua Taphan Hospital,Amnat Charoen,Hua Taphan,60,Public,
Huai Khot Hospital,Uthai Thani,Huai Khot,30,Public,
Huai Koeng Hospital,Udon Thani,Huai Koeng,8,Public,
Huai Krachao Chaloem Phrakiat Hospital,Kanchanaburi,Huai Krachao,30,,
Huai Krachao Chaloem Phrakiat Hospital Marking His Majesty the King's 80th Birthday,Kanchanaburi,,,Public,
Huai Mek Hospital,Kalasin,Huai Mek,58,Public,
Huai Phlu Hospital,Nakhon Pathom,Nakhon Chai Si,60,Public,
Huai Phueng Hospital,Kalasin,Huai Phueng,34,Public,
Huai Rat Hospital,Buriram,Huai Rat,44,Public,
Huai Thalaeng Hospital,Nakhon Ratchasima,Huai Thalaeng,60,Public,
Huai Thap Than Hospital,Sisaket,Huai Thap Than,30,Public,
Huai Yot Hospital,Trang,Huai Yot,100,Public,
Huai Yot Hospital,Trang,Huai Yot,100,Private,
Imperial Hospital,Prachinburi,,,Private,
In Buri Hospital,Sing Buri,In Buri,150,,
In Buri Hospital,Singburi,,,Public,
Institute of Dermatology,Bangkok,,,Public,Dermatology
Inter Vechakarn Hospital,Phitsanulok,,,Private,
Jesada Vechakarn Hospital,Samut Sakhon,,,Private,
Jetanin Institute for Assisted Reproduction,Bangkok,,,Private,
Kabang Hospital,Yala,Kabang,30,Public,
Kabin Buri Hospital,Prachinburi,Kabin Buri,256,Public,
Kae Dam Hospital,Maha Sarakham,Kae Dam,30,Public,
Kaeng Hang Maeo Hospital,Chanthaburi,Kaeng Hang Maeo,34,Public,
Kaeng Khoi Hospital,Saraburi,Kaeng Khoi,68,Public,
Kaeng Khro Hospital,Chaiyaphum,Kaeng Khro,120,Public,
Kaeng Krachan Hospital,Phetchaburi,Kaeng Krachan,66,Public,
Kaeng Sanam Nang Hospital,Nakhon Ratchasima,Kaeng Sanam Nang,35,Public,
Kalasin Hospital,Kalasin,Mueang,570,Public,
Kamalasai Hospital,Kalasin,Kamalasai,143,Public,
Kamol Cosmetic Hospital,Bangkok,,,Private,Cosmetic
Kamphaeng Phet Hospital,Kamphaeng Phet,Mueang,492,Public,
Kamphaeng Saen Hospital,Nakhon Pathom,Kamphaeng Saen,120,Public,
Kanchanaburi Memorial Hospital,Kanchanaburi,,,Private,
Kanchanadit Hospital,Surat Thani,Kanchanadit,120,Public,
Kantang Hospital,Trang,Kantang,95,Public,
Kantharalak Hospital,Sisaket,Kantharalak,283,Public,
Kanthararom Hospital,Sisaket,Kanthararom,120,Public,
Kantharawichai Hospital,Maha Sarakham,Kantharawichai,60,Public,
Kao Liao Hospital,Nakhon Sawan,Kao Liao,34,Public,
Kap Choeng Hospital,Surin,Kap Choeng,97,Public,
Kapho Hospital,Pattani,Kapho,37,Public,
Kapoe Hospital,Ranong,Kapoe,35,Public,
Kapong Chaiphat Hospital,Phang Nga,Kapong,32,Public,
Karunapitak Hospital,Bangkok,,,Private,
Kasemrad Hospital Bangkae,Bangkok,,,Private,
Kasemrad Hospital Prachachuen,Bangkok,,,Private,
Kasemrad Hospital Rattanathibeth,Nonthaburi,,,Private,
Kasemrad Hospital Saraburi,Saraburi,,,Private,
Kasemrad Hospital Sriburin,Chiang Rai,,,Private,
Kasemrad Hospital Sukhapibal 3,Bangkok,,,Private,
Kaset Sombun Hospital,Chaiyaphum,Kaset Sombun,67,Public,
Kaset Wisai Hospital,Roi Et,Kaset Wisai,165,Public,
Khaen Dong Hospital,Buriram,Khaen Dong,31,Public,
Khai Bang Rachan Hospital,Singburi,Khai Bang Rachan,30,Public,
Kham Khuean Kaeo Hospital,Yasothon,Kham Khuean Kaeo,60,Public,
Kham Muang Hospital,Kalasin,Kham Muang,81,Public,
Kham Sakae Saeng Hospital,Nakhon Ratchasima,Kham Sakae Saeng,60,Public,
Kham Ta Kla Hospital,Sakon Nakhon,Kham Ta Kla,40,Public,
Kham Thale So Hospital,Nakhon Ratchasima,Kham Thale So,36,Public,
Khamcha-i Hospital,Mukdahan,Khamcha-i,30,Public,
Khanom Hospital,Nakhon Si Thammarat,Khanom,66,Public,
Khanu Woralaksaburi Hospital,Kamphaeng Phet,Khanu Woralaksaburi,90,Public,
Khao Chai Son Hospital,Phatthalung,Khao Chai Son,30,Public,
Khao Chakan Hospital,Sa Kaeo,Khao Chakan,50,Public,
Khao Chamao Chaloem Phrakiat Hospital,Rayong,Khao Chamao,30,,
Khao Chamao Chaloem Phrakiat Hospital Marking His Majesty the King's 80th Birthday,Rayong,,,Public,
Khao Khitchakut Hospital,Chanthaburi,Khao Khitchakut,40,Public,
Khao Kho Hospital,Phetchabun,Khao Kho,30,Public,
Khao Phanom Hospital,Krabi,Khao Phanom,52,Public,
Khao Saming Hospital,Trat,Khao Saming,36,Public,
Khao Suan Kwang Hospital,Khon Kaen,Khao Suan Kwang,45,Public,
Khao Sukim Hospital,Chanthaburi,Khao Sukim,30,Public,
Khao Wong Hospital,Kalasin,Khao Wong,88,Public,
Khao Yoi Hospital,Phetchaburi,Khao Yoi,33,Public,
Khelang Nakhon-Ram Hospital,Lampang,,,Private,
Khemarat Hospital,Ubon Ratchathani,Khemarat,60,Public,
Khian Sa Hospital,Surat Thani,Khian Sa,32,Public,
Khiri Mat Hospital,Sukhothai,Khiri Mat,50,Public,
Khiri Rat Nikhom Hospital,Surat Thani,Khiri Rat Nikhom,40,Public,
Khlong Hat Hospital,Sa Kaeo,Khlong Hat,38,Public,
Khlong Hoi Khong Hospital,Songkhla,Khlong Hoi Khong,30,Public,
Khlong Khlung Hospital,Kamphaeng Phet,Khlong Khlung,90,Public,
Khlong Khuean Hospital,Chachoengsao,Khlong Khuean,32,Public,
Khlong Lan Hospital,Kamphaeng Phet,Khlong Lan,60,Public,
Khlong Luang Hospital,Pathum Thani,Khlong Luang,62,Public,
Khlong Thom Hospital,Krabi,Khlong Thom,71,Public,
Khlong Yai Hospital,Trat,Khlong Yai,39,Public,
Khlung Hospital,Chanthaburi,Khlung,39,Public,
Kho Wang Hospital,Yasothon,Kho Wang,30,Public,
Khok Charoen Hospital,Lopburi,Khok Charoen,30,Public,
Khok Pho Chai Hospital,Khon Kaen,Khok Pho Chai,0,Public,
Khok Pho Hospital,Pattani,Khok Pho,104,Public,
Khok Samrong Hospital,Lopburi,Khok Samrong,120,Public,
Khok Si Suphan Hospital,Sakon Nakhon,Khok Si Suphan,42,Public,
Khok Sung Hospital,Sa Kaeo,Khok Sung,30,Public,
Khon Buri Hospital,Nakhon Ratchasima,Khon Buri,156,Public,
Khon Kaen Drug Dependence Treatment Center,Khon Kaen,,,Public,
Khon Kaen Hospital,Khon Kaen,Mueang,1238,Public,
Khon Kaen Rajanakarindra Psychiatric Hospital,Khon Kaen,,,Public,Psychiatry
Khon Kaen Ram Hospital,Khon Kaen,,,Private,
Khon San Hospital,Chaiyaphum,Khon San,62,Public,
Khon Sawan Hospital,Chaiyaphum,Khon Sawan,49,Public,
Khong Chai Hospital,Kalasin,Khong Chai,30,Public,
Khong Chiam Hospital,Ubon Ratchathani,Khong Chiam,30,Public,
Khong Hospital,Nakhon Ratchasima,Khong,60,Public,
Khorat Memorial Hospital,Nakhon Ratchasima,,,Private,
Khu Khan Hospital,Sisaket,Khu Khan,135,Public,
Khu Mueang Hospital,Buriram,Khu Mueang,90,Public,
Khuan Don Hospital,Satun,Khuan Don,34,Public,
Khuan Ka Long Hospital,Satun,,,Public,
Khuan Kalong Hospital,Satun,Khuan Kalong,36,,
Khuan Khanun Hospital,Phatthalung,Khuan Khanun,90,Public,
Khuan Niang Hospital,Songkhla,Khuan Niang,39,Public,
Khueang Nai Hospital,Ubon Ratchathani,Khueang Nai,120,Public,
Khun Han Hospital,Sisaket,Khun Han,94,Public,
Khun Tan Hospital,Chiang Rai,Khun Tan,34,Public,
Khun Yuam Hospital,Mae Hong Son,Khun Yuam,35,Public,
Khura Buri Chaiphat Hospital,Phang Nga,Khura Buri,33,Public,
Khwao Sinarin Hospital,Surin,Khwao Sinarin,30,Public,
King Chulalongkorn Memorial Hospital,Bangkok,,,Public,
King Mongkut Memorial (Phra Chom Klao) Hospital,Phetchaburi,,,Public,
King Narai Hospital,Lopburi,Mueang,550,Public,
Klaeng Hospital,Rayong,Klaeng,200,Public,
Klongtun Medical Center,Bangkok,,,Private,
Kluaynamthai 2 Nursing Home,Bangkok,,,Private,
Kluaynamthai Hospital,Bangkok,,,Private,
Ko Chan Hospital,Chonburi,Ko Chan,30,Public,
Ko Chang Hospital,Trat,Ko Chang,26,Public,
Ko Kha Hospital,Lampang,Ko Kha,152,Public,
Ko Kut Hospital,Trat,Ko Kut,7,Public,
Ko Lanta Hospital,Krabi,Ko Lanta,40,Public,
Ko Pha-ngan Hospital,Surat Thani,Ko Pha-ngan,50,,
Ko Phangan Hospital,Surat Thani,,,Public,
Ko Phi Phi Hospital,Krabi,Mueang,7,,
Ko Samui Hospital,Surat Thani,Ko Samui,160,Public,
Ko Sichang Hospital,Chonburi,Ko Sichang,15,Public,
Ko Tao Hospital,Surat Thani,Ko Pha-ngan,10,,
Ko Yao Chaiphat Hospital,Phang Nga,Ko Yao,30,Public,
Kong Krailat Hospital,Sukhothai,Kong Krailat,41,Public,
Kong Ra Hospital,Phatthalung,Kong Ra,35,Public,
Kosamphi Nakhon Hospital,Kamphaeng Phet,Kosamphi Nakhon,10,Public,
Kosum Phisai Hospital,Maha Sarakham,Kosum Phisai,120,Public,
Kra Buri Hospital,Ranong,Kra Buri,30,Public,
Krabi Hospital,Krabi,Mueang,447,Public,
Kranuan Crown Prince Hospital,Khon Kaen,Kranuan,150,Public,
Krasae Sin Hospital,Songkhla,Krasae Sin,30,Public,
Krasang Hospital,Buriram,Krasang,68,Public,
Krathum Baen Hospital,Samut Sakhon,Krathum Baen,300,Public,
Krok Phra Hospital,Nakhon Sawan,Krok Phra,30,Public,
Krong Pinang Hospital,Yala,Krong Pinang,30,Public,
Krung Siam St. Carlos Medical Centre,Pathum Thani,,,Private,
Krungdhon 1 Hospital,Bangkok,,,Private,
Krungdhon 2 Hospital,Bangkok,,,Private,
Krungthai Hospital,Nonthaburi,,,Private,
Ku Kaeo Hospital,Udon Thani,Ku Kaeo,30,Public,
Kuchinarai Crown Prince Hospital,Kalasin,Kuchinarai,177,Public,
Kui Buri Hospital,Prachuap Khiri Khan,Kui Buri,30,Public,
Kumphawapi Hospital,Udon Thani,Kumphawapi,280,Public,
Kusuman Hospital,Sakon Nakhon,Kusuman,40,Public,
Kut Bak Hospital,Sakon Nakhon,Kut Bak,39,Public,
Kut Chap Hospital,Udon Thani,Kut Chap,60,Public,
Kut Chum Hospital,Yasothon,Kut Chum,30,Public,
Kut Khao Pun Hospital,Ubon Ratchathani,Kut Khao Pun,30,Public,
Kut Rang Hospital,Maha Sarakham,Kut Rang,30,Public,
Kwai River Christian Hospital,Kanchanaburi,,,Private,
Kwongsiew Foundation Hospital,Bangkok,,,Private,
La-ngu Hospital,Satun,La-ngu,136,Public,
La-un Hospital,Ranong,La-un,16,Public,
Ladprao General Hospital,Bangkok,,,Private,
Laem Chabang Hospital,Chonburi,Si Racha,187,Public,
Laem Ngop Hospital,Trat,Laem Ngop,30,Public,
Laem Sing Hospital,Chanthaburi,Laem Sing,34,Public,
Lahan Sai Hospital,Buriram,Lahan Sai,123,Public,
Lam Luk Ka Hospital,Pathum Thani,Lam Luk Ka,46,Public,
Lam Plai Mat Hospital,Buriram,Lam Plai Mat,152,Public,
Lam Sonthi Hospital,Lopburi,Lam Sonthi,37,Public,
Lam Thamen Chai Hospital,Nakhon Ratchasima,Lam Thamen Chai,30,Public,
Lam Thap Hospital,Krabi,Lam Thap,36,Public,
Lamae Hospital,Chumphon,Lamae,30,Public,
Lamduan Hospital,Surin,Lamduan,115,Public,
Lampang Cancer Center,Lampang,,,Public,Oncology
Lampang Hospital,Lampang,Mueang,745,Public,
Lamphun Hospital,Lamphun,Mueang,411,Public,
Lan Krabue Hospital,Kamphaeng Phet,Lan Krabue,30,Public,
Lan Sak Hospital,Uthai Thani,Lan Sak,60,Public,
Lan Saka Hospital,Nakhon Si Thammarat,Lan Saka,52,Public,
Lang Suan Hospital,Chumphon,Lang Suan,182,Public,
Lanna Hospital Chiangmai,Chiang Mai,,,Private,
Lao Khwan Hospital,Kanchanaburi,Lao Khwan,54,Public,
Lao Suea Kok Hospital,Ubon Ratchathani,Lao Suea Kok,30,Public,
Lap Lae Hospital,Uttaradit,Lap Lae,50,Public,
Lat Bua Luang Hospital,Ayutthaya,,,Public,
Lat Bua Luang Hospital,Phra Nakhon Si Ayutthaya,Lat Bua Luang,34,,
Lat Lum Kaeo Hospital,Pathum Thani,Lat Lum Kaeo,48,Public,
Lat Yao Hospital,Nakhon Sawan,Lat Yao,90,Public,
Lerdsin Hospital,Bangkok,,,Public,
Li Hospital,Lamphun,Li,74,Public,
Loei Hospital,Loei,Mueang,558,Public,
Loei Rajanakarindra Psychiatric Hospital,Loei,,,Public,Psychiatry
Loeng Nok Tha Crown Prince Hospital,Yasothon,Loeng Nok Tha,120,Public,
Lom Kao Crown Prince Hospital,Phetchabun,Lom Kao,100,Public,
Lom Sak Hospital,Phetchabun,Lom Sak,235,Public,
Long Hospital,Phrae,Long,39,Public,
Lopburi Cancer Center,Lopburi,,,Public,Oncology
Luang Pho Khun Parisuddho Hospital,Nakhon Ratchasima,Dan Khun Thot,114,,
Luang Pho Poen Hospital,Nakhon Pathom,Nakhon Chai Si,32,Public,
Luang Pho Taweesak Hospital,Bangkok,,,Public,
Lue Amnat Hospital,Amnat Charoen,Lue Amnat,30,Public,
Mae Ai Hospital,Chiang Mai,Mae Ai,82,Public,
Mae Chaem Hospital,Chiang Mai,,,Public,
Mae Chai Hospital,Phayao,Mae Chai,30,Public,
Mae Chan Hospital,Chiang Rai,Mae Chan,152,Public,
Mae Charim Hospital,Nan,Mae Charim,20,Public,
Mae Fa Luang Hospital,Chiang Rai,Mae Fa Luang,30,Public,
Mae Fah Luang University Hospital,Chiang Rai,,,Public,
Mae Hong Son Drug Dependence Treatment Center,Mae Hong Son,,,Public,
Mae La Noi Hospital,Mae Hong Son,Mae La Noi,34,Public,
Mae Lan Hospital,Pattani,Mae Lan,34,Public,
Mae Lao Hospital,Chiang Rai,Mae Lao,30,Public,
Mae Mo Hospital,Lampang,Mae Mo,30,Public,
Mae On Hospital,Chiang Mai,Mae On,30,Public,
Mae Phrik Hospital,Lampang,Mae Phrik,16,Public,
Mae Poen Hospital,Nakhon Sawan,Mae Poen,0,,
Mae Ramat Hospital,Tak,Mae Ramat,120,Public,
Mae Sai Hospital,Chiang Rai,Mae Sai,156,Public,
Mae Sariang Hospital,Mae Hong Son,Mae Sariang,115,Public,
Mae Sot Hospital,Tak,Mae Sot,420,Public,
Mae Suai Hospital,Chiang Rai,Mae Suai,60,Public,
Mae Taeng Hospital,Chiang Mai,Mae Taeng,60,Public,
Mae Tha Hospital,Lampang,Mae Tha,33,Public,
Mae Tha Hospital,Lamphun,Mae Tha,30,Public,
Mae Tuen Hospital,Chiang Mai,Om Koi,19,,
Mae Wang Hospital,Chiang Mai,Mae Wang,37,Public,
Mae Wong Hospital,Nakhon Sawan,Mae Wong,30,Public,
Maeklong Hospital,Samut Songkhram,,,Private,
Maha Chana Chai Hospital,Yasothon,Maha Chana Chai,30,Public,
Maha Rat Hospital,Ayutthaya,,,Public,
Maha Rat Hospital,Phra Nakhon Si Ayutthaya,Maha Rat,22,,
Maha Sarakham Hospital,Maha Sarakham,Mueang,538,Public,
Maha Vajiralongkorn Cancer Centre,Pathum Thani,,,Public,Oncology
Mahachai 2 Hospital,Samut Sakhon,,,Private,
Mahachai 3 Hospital,Samut Sakhon,,,Private,
Mahachai Hospital Medical Specialty Center,Samut Sakhon,,,Private,
Maharaj Nakhon Si Thammarat Hospital,Nakhon Si Thammarat,Mueang,866,Public,
Maharaj Nakorn Chiang Mai Hospital,Chiang Mai,,,Public,
Maharat Nakhon Ratchasima Hospital,Nakhon Ratchasima,Mueang,1478,Public,
Mahasarakham International Hospital,Maha Sarakham,,,Private,
Mahesak Hospital,Bangkok,,,Private,
Mahnam Hospital,Nonthaburi,,,Private,
Mai Kaen Hospital,Pattani,Mai Kaen,34,Public,
Makarak Hospital,Kanchanaburi,Tha Maka,280,Public,
Makham Hospital,Chanthaburi,Makham,42,Public,
Makutkiriwan Hospital,Nakhon Ratchasima,Pak Chong,13,,
Manang Hospital,Satun,Manang,32,Public,
Manarom Hospital,Bangkok,,,Private,
Mancha Khiri Hospital,Khon Kaen,Mancha Khiri,65,Public,
Manorom Hospital,Chai Nat,Manorom,30,,
Manorom Hospital,Chainat,,,Public,
Map Ammarit Hospital,Chumphon,Map Ammarit,30,Public,
Mayo Hospital,Pattani,Mayo,42,Public,
Mayo Hospital (Thailand),Bangkok,,,Private,
McCormick Hospital,Chiang Mai,,,Private,
McKean Health Centre,Chiang Mai,,,Private,
"Medical Battalion, Royal Thai Marine Corps",Chonburi,,,Public,
Medical Correctional Institution,Bangkok,,,Public,
"Medical Division, Armed Forces Academies Preparatory School",Nakhon Nayok,,,Public,
"Medical Section, Naval Air Station",Rayong,,,Public,
"Medical Section, Naval Rating School",Chonburi,,,Public,
"Medical Section, Recruit Training Center",Chonburi,,,Public,
Medical Vechakarn Health Centre,Chonburi,,,Private,
Metropolitan Electricity Authority Hospital,Bangkok,,,Public,
Mettapracharak Watraikhing Hospital,Nakhon Pathom,,,Public,Ophthalmology
Mission Hospital Phuket,Phuket,,,Private,
Mittraphap Memorial Hospital,Saraburi,,,Private,
Moei Wadi Hospital,Roi Et,Moei Wadi,30,Public,
Mongkutrayong Hospital,Rayong,,,Private,
Mongkutwattana General Hospital,Bangkok,,,Private,
Muak Lek Hospital,Saraburi,Muak Lek,35,Public,
Muang Sam Sip Hospital,Ubon Ratchathani,Muang Sam Sip,90,Public,
Muangpatum Hospital,Pathum Thani,,,Private,
Muangraj Hospital,Ratchaburi,,,Private,
Mueang Chan Hospital,Sisaket,Mueang Chan,30,Public,
Mueang Loei Ram Hospital,Loei,,,Private,
Mueang Narai Hospital,Lopburi,,,Private,
Mueang Pan Hospital,Lampang,Mueang Pan,30,Public,
Mueang Phet Hospital,Phetchabun,,,Private,
Mueang Samut Bang Pu Health Centre,Samut Prakan,,,Private,
Mueang Samut Pak Nam Hospital,Samut Prakan,,,Private,
Mueang Samut Pu Chao Saming Phrai Hospital,Samut Prakan,,,Private,
Mueang Suang Hospital,Roi Et,Mueang Suang,33,Public,
Mueang Yang Chaloem Phrakiat Hospital Marking 100 Years of Princess Srinagarindra,Nakhon Ratchasima,,,Public,
Muengpetch-Thonburi Hospital,Phetchaburi,,,Private,
Mukdahan Hospital,Mukdahan,Mueang,485,Public,
Mukdahan International Hospital,Mukdahan,,,Private,
NC Wellness & Medical Spa,Ayutthaya,,,Private,
Na Bon Hospital,Nakhon Si Thammarat,Na Bon,30,Public,
Na Chaluai Hospital,Ubon Ratchathani,Na Chaluai,30,Public,
Na Chueak Hospital,Maha Sarakham,Na Chueak,68,Public,
Na Di Hospital,Prachinburi,Na Di,60,Public,
Na Duang Hospital,Loei,Na Duang,30,Public,
Na Dun Hospital,Maha Sarakham,Na Dun,30,Public,
Na Haeo Hospital,Loei,Na Haeo,20,Public,
Na Kae Hospital,Nakhon Phanom,Na Kae,61,Public,
Na Khu Hospital,Kalasin,Na Khu,41,Public,
Na Klang Hospital,Nong Bua Lamphu,Na Klang,60,Public,
Na Mom Hospital,Songkhla,Na Mom,30,Public,
Na Mon Hospital,Kalasin,Na Mon,37,Public,
Na Muen Hospital,Nan,Na Muen,20,Public,
Na Noi Hospital,Nan,Na Noi,69,Public,
Na Pho Hospital,Buriram,Na Pho,35,Public,
Na Tan Hospital,Ubon Ratchathani,Na Tan,30,Public,
Na Thom Hospital,Nakhon Phanom,Na Thom,36,Public,
Na Wa Hospital,Nakhon Phanom,Na Wa,48,Public,
Na Wang Chaloem Phrakiat Hospital,Nong Bua Lamphu,Na Wang,30,,
Na Wang Chaloem Phrakiat Hospital Marking His Majesty the King's 80th Birthday,Nong Bua Lamphu,,,Public,
Na Yai Am Hospital,Chanthaburi,Na Yai Am,38,Public,
Na Yia Hospital,Ubon Ratchathani,Na Yia,30,Public,
Na Yong Hospital,Trang,Na Yong,60,Public,
Na Yung Hospital,Udon Thani,Na Yung,30,Public,
Nakharin Hospital,Nakhon Si Thammarat,,,Private,
Nakhon Chai Si Hospital,Nakhon Pathom,Nakhon Chai Si,60,Public,
Nakhon Christian Hospital,Nakhon Si Thammarat,,,Private,
Nakhon Nayok Hospital,Nakhon Nayok,Mueang,314,Public,
Nakhon Pathom Hospital,Nakhon Pathom,Mueang,860,Public,
Nakhon Phanom Hospital,Nakhon Phanom,Mueang,392,Public,
Nakhon Phanom Rajanakarindra Psychiatric Hospital,Nakhon Phanom,,,Public,Psychiatry
Nakhon Ratchasima Rajanakarindra Psychiatric Hospital,Nakhon Ratchasima,,,Public,Psychiatry
Nakhon Sawan Rajanakarindra Psychiatric Hospital,Nakhon Sawan,,,Public,Psychiatry
Nakhon Si Thammarat City Hospital,Nakhon Si Thammarat,,,Public,
Nakhon Thai Crown Prince Hospital,Phitsanulok,Nakhon Thai,118,Public,
Nakhonpat Hospital,Nakhon Si Thammarat,,,Private,
Nakornlom Hospital,Phetchabun,,,Private,
Nakornping Hospital,Chiang Mai,Mae Rim,750,Public,
Nakornthon Hospital,Bangkok,,,Private,
Nam Khun Hospital,Ubon Ratchathani,Nam Khun,30,Public,
Nam Kliang Hospital,Sisaket,Nam Kliang,32,Public,
Nam Nao Hospital,Phetchabun,Nam Nao,10,Public,
Nam Pat Hospital,Uttaradit,Nam Pat,30,Public,
Nam Phong Hospital,Khon Kaen,Nam Phong,120,Public,
Nam Som Hospital,Udon Thani,Nam Som,60,Public,
Nam Yuen Hospital,Ubon Ratchathani,Nam Yuen,80,Public,
Nan Hospital,Nan,Mueang,557,Public,
Nan-ah Polyclinic,Bangkok,,,Private,
Nang Rong Hospital,Buriram,Nang Rong,459,Public,
Napalai (Bang Khonthi) Hospital,Samut Songkhram,,,Public,
Napalai Hospital,Samut Songkhram,Bang Khonthi,90,,
Naradhiwas Rajanagarindra Hospital,Narathiwat,Mueang,413,Public,
Naresuan University Hospital,Phitsanulok,,,Public,
National Cancer Institute,Bangkok,,,Public,Oncology
Naval Bangkok Hospital,Bangkok,,,Public,
Naval Ordnance Hospital,Bangkok,,,Public,
Navaminthra 9 Hospital,Bangkok,,,Private,
Navaminthra Hospital,Bangkok,,,Private,
Navanakorn Ayutthaya Hospital,Ayutthaya,,,Private,
Navanakorn General Hospital,Pathum Thani,,,Private,
Navasri Nursing Home Hospital,Bangkok,,,Private,
Nawamin 2 Hospital,Bangkok,,,Private,
Ngao Hospital,Lampang,Ngao,40,Public,
Nikhom Kham Soi Hospital,Mukdahan,Nikhom Kham Soi,30,Public,
Nikhom Nam Un Hospital,Sakon Nakhon,Nikhom Nam Un,15,Public,
Nikhom Phatthana Hospital,Rayong,Nikhom Phattana,30,Public,
Noen Kham Hospital,Chai Nat,Noen Kham,0,,
Noen Kham Hospital,Chainat,,,Public,
Noen Maprang Hospital,Phitsanulok,Noen Maprang,33,Public,
Noen Sa-nga Hospital,Chaiyaphum,Noen Sa-nga,40,Public,
Non Daeng Hospital,Nakhon Ratchasima,Non Daeng,30,Public,
Non Din Daeng Hospital,Buriram,Non Din Daeng,36,Public,
Non Khun Hospital,Sisaket,Non Khun,30,Public,
Non Narai Hospital,Surin,Non Narai,30,Public,
Non Sa-at Hospital,Udon Thani,Non Sa-at,40,Public,
Non Sang Hospital,Nong Bua Lamphu,Non Sang,40,Public,
Non Sila Hospital,Khon Kaen,Non Sila,30,Public,
Non Sung Hospital,Nakhon Ratchasima,Non Sung,86,Public,
Non Suwan Hospital,Buriram,Non Suwan,30,Public,
Non Thai Hospital,Nakhon Ratchasima,Non Thai,75,Public,
Nong Bua Daeng Hospital,Chaiyaphum,Nong Bua Daeng,120,Public,
Nong Bua Hospital,Nakhon Sawan,Nong Bua,63,Public,
Nong Bua Lamphu Hospital,Nong Bua Lamphu,Mueang,353,Public,
Nong Bua Rawe Hospital,Chaiyaphum,Nong Bua Rawe,40,Public,
Nong Bun Mak Hospital,Nakhon Ratchasima,Nong Bun Mak,63,Public,
Nong Chang Hospital,Uthai Thani,Nong Chang,90,Public,
Nong Chik Hospital,Pattani,Nong Chik,30,Public,
Nong Don Hospital,Saraburi,Nong Don,20,Public,
Nong Han Hospital,Udon Thani,Nong Han,137,Public,
Nong Hi Hospital,Roi Et,Nong Hi,28,Public,
Nong Hin Hospital,Loei,Nong Hin,30,Public,
Nong Hong Hospital,Buriram,Nong Hong,40,Public,
Nong Kha Yang Hospital,Uthai Thani,Nong Kha Yang,10,Public,
Nong Khae Hospital,Saraburi,Nong Khae,65,Public,
Nong Khai Hospital,Nong Khai,Mueang,420,Public,
Nong Khai Wattana Hospital,Nong Khai,,,Private,
Nong Ki Hospital,Buriram,Nong Ki,66,Public,
Nong Kung Si Hospital,Kalasin,Nong Kung Si,80,Public,
Nong Mamong Hospital,Chai Nat,Nong Mamong,10,,
Nong Mamong Hospital,Chainat,,,Public,
Nong Muang Hospital,Lopburi,Nong Muang,35,Public,
Nong Muang Khai Hospital,Phrae,Nong Muang Khai,32,Public,
Nong Na Kham Hospital,Khon Kaen,Nong Na Kham,0,Public,
Nong Phai Hospital,Phetchabun,Nong Phai,142,Public,
Nong Phok Hospital,Roi Et,Nong Phok,30,Public,
Nong Prue Hospital,Kanchanaburi,Nong Prue,30,,
Nong Ruea Hospital,Khon Kaen,Nong Ruea,90,Public,
Nong Saeng Hospital,Saraburi,Nong Saeng,15,Public,
Nong Saeng Hospital,Udon Thani,Nong Saeng,30,Public,
Nong Song Hong Hospital,Khon Kaen,Nong Song Hong,69,Public,
Nong Suea Hospital,Pathum Thani,Nong Suea,35,Public,
Nong Sung Hospital,Mukdahan,Nong Sung,30,Public,
Nong Wua So Hospital,Udon Thani,Nong Wua So,60,Public,
Nong Ya Plong Hospital,Phetchaburi,Nong Ya Plong,30,Public,
Nong Ya Sai Hospital,Suphan Buri,Nong Ya Sai,60,,
Nong Ya Sai Hospital,Suphanburi,,,Public,
Nong Yai Hospital,Chonburi,Nong Yai,35,Public,
Nonthaburi Medical Center,Nonthaburi,Bang Kruai,30,,
Nonthavej Hospital,Nonthaburi,,,Private,
Nopparat Rajathanee Hospital,Bangkok,,,Public,
Nopphitam Hospital,Nakhon Si Thammarat,Nopphitam,3,Public,
North Eastern Wattana Hospital,Udon Thani,,,Private,
Northern Drug Dependence Treatment Center,Chiang Mai,,,Public,
Nuea Khlong Hospital,Krabi,Nuea Khlong,64,Public,
Om Koi Hospital,Chiang Mai,Om Koi,64,Public,
Ongkharak Hospital,Nakhon Nayok,Ongkharak,31,Public,
Overbrook Hospital,Chiang Rai,,,Private,
P. Phaet Hospital,Nakhon Ratchasima,,,Private,
Pa Bon Hospital,Phatthalung,Pa Bon,30,Public,
Pa Daed Hospital,Chiang Rai,Pa Daed,30,Public,
Pa Mok Hospital,Ang Thong,Pa Mok,54,Public,
Pa Phayom Hospital,Phatthalung,Pa Phayom,45,Public,
Pa Sang Hospital,Lamphun,Pa Sang,75,Public,
Pa Tio Hospital,Yasothon,Pa Tio,30,Public,
Pabhavej Hospital,Saraburi,,,Private,
Padang Besar Hospital,Songkhla,Sadao,34,Public,
Pai Hospital,Mae Hong Son,Pai,58,Public,
Pak Chom Hospital,Loei,Pak Chom,34,Public,
Pak Chong Medical Hospital,Nakhon Ratchasima,,,Private,
Pak Chong Nana Hospital,Nakhon Ratchasima,Pak Chong,303,Public,
Pak Khat Hospital,Bueng Kan,Pak Khat,41,Public,
Pak Kret Hospital,Nonthaburi,Pak Kret,87,Public,
Pak Nam Chumphon Hospital,Chumphon,Mueang,10,Public,
Pak Nam Lang Suan Hospital,Chumphon,Lang Suan,12,Public,
Pak Phanang Hospital,Nakhon Si Thammarat,Pak Phanang,105,Public,
Pak Phayun Hospital,Phatthalung,Pak Phayun,30,Public,
Pak Phli Hospital,Nakhon Nayok,Pak Phli,10,Public,
Pak Tho Hospital,Ratchaburi,Pak Tho,60,Public,
Pak Thong Chai Hospital,Nakhon Ratchasima,Pak Thong Chai,115,Public,
Pakham Hospital,Buriram,Pakham,44,Public,
Paknampo Hospital,Nakhon Sawan,,,Private,
Palace Hospital,Nakhon Sawan,,,Private,
Palian Hospital,Trang,Palian,40,Public,
Panare Hospital,Pattani,Panare,30,Public,
Pang Mapha Hospital,Mae Hong Son,Pang Mapha,29,Public,
Pang Sila Thong Hospital,Kamphaeng Phet,Pang Sila Thong,30,Public,
Panyananthaphikkhu Chonprathan Medical Center,Nonthaburi,,,Public,
Panyavej Inter Hospital,Udon Thani,,,Private,
Paolo Memorial Hospital Chokchai 4,Bangkok,,,Private,
Paolo Memorial Hospital Nawamin,Bangkok,,,Private,
Paolo Memorial Hospital Phaholyothin,Bangkok,,,Private,
Paolo Memorial Hospital Samutprakarn,Samut Prakan,,,Private,
Passarapiban Nursing Home,Bangkok,,,Private,
Patanavej Sukothai Hospital,Sukhothai,,,Private,
Pathio Hospital,Chumphon,Pathio,47,Public,
Pathum Rat Hospital,Roi Et,Pathum Rat,36,Public,
Pathum Ratchawongsa Hospital,Amnat Charoen,Pathum Ratchawongsa,50,Public,
Pathum Thani Hospital,Pathum Thani,Mueang,456,Public,
Pathumvech Hospital,Pathum Thani,,,Private,
Patong Hospital,Phuket,Kathu,88,Public,
Pattani Drug Dependence Treatment Center,Pattani,,,Public,
Pattani Hospital,Pattani,Mueang,504,Public,
Pattaya Bhattamakhun Hospital,Chonburi,Bang Lamung,408,,
Pattaya City Hospital,Chonburi,,,Public,
Pattaya International Hospital,Chonburi,,,Private,
Pattaya Memorial Hospital,Chonburi,,,Private,
Pattayavej Hospital,Songkhla,,,Private,
Pawo Hospital,Tak,,,Private,
Peravech Hospital,Ayutthaya,,,Private,
Petchakasem 2 Hospital,Bangkok,,,Private,
Petcharat Hospital,Phetchaburi,,,Private,
Petcharath Hospital,Phetchabun,,,Private,
Petcharavej Hospital,Bangkok,,,Private,
Pha Khao Hospital,Loei,Pha Khao,40,Public,
Phachi Hospital,Ayutthaya,,,Public,
Phachi Hospital,Phra Nakhon Si Ayutthaya,Phachi,40,,
Phaet Bandit Hospital,Kamphaeng Phet,,,Private,
Phaholpolpayuhasena Hospital,Kanchanaburi,Mueang,597,,
Phahon Phon Phayuha Sena Hospital,Kanchanaburi,,,Public,
Phaisali Hospital,Nakhon Sawan,Phaisali,63,Public,
Phak Hai Hospital,Ayutthaya,,,Public,
Phak Hai Hospital,Phra Nakhon Si Ayutthaya,Phak Hai,31,,
Phakdi Chumphon Hospital,Chaiyaphum,Phakdi Chumphon,44,Public,
Phan Hospital,Chiang Rai,Phan,175,Public,
Phan Thong Hospital,Chonburi,Phan Thong,90,Public,
Phana Hospital,Amnat Charoen,Phana,30,Public,
Phanat Nikhom Hospital,Chonburi,Phanat Nikhom,220,Public,
Phang Khon Hospital,Sakon Nakhon,Phang Khon,107,Public,
Phang Nga Hospital,Phang Nga,Mueang,215,Public,
Phang Nga Naval Base Hospital,Phang Nga,,,Public,
Phanom Dongrak Chaloem Phrakiat Hospital,Surin,Phanom Dongrak,30,,
Phanom Dongrak Chaloem Phrakiat Hospital Marking His Majesty the King's 80th Birthday,Surin,,,Public,
Phanom Hospital,Surat Thani,Phanom,30,Public,
Phanom Phrai Hospital,Roi Et,Phanom Phrai,42,Public,
Phanom Sarakham Hospital,Chachoengsao,Phanom Sarakham,163,Public,
Phatara-Thonburi Hospital,Pathum Thani,,,Private,
Phato Hospital,Chumphon,Phato,30,Public,
Phatthalung Hospital,Phatthalung,Mueang,567,Public,
Phatthana Nikhom Hospital,Lopburi,Phatthana Nikhom,66,Public,
Phaya Mengrai Hospital,Chiang Rai,Phaya Mengrai,60,Public,
Phayaban Sathan Phra Barami Hospital,Kanchanaburi,Nong Prue,30,,
Phayakkhaphum Phisai Hospital,Maha Sarakham,Phayakkhaphum Phisai,111,Public,
Phayao Hospital,Phayao,Mueang,400,Public,
Phayao Ram Hospital,Phayao,,,Private,
Phayu Hospital,Sisaket,Phayu,30,Public,
Phayuha Khiri Hospital,Nakhon Sawan,Phayuha Khiri,42,Public,
Phen Hospital,Udon Thani,Phen,114,Public,
Phetchabun Hospital,Phetchabun,Mueang,510,Public,
Phibun Mangsahan Hospital,Ubon Ratchathani,Phibun Mangsahan,154,Public,
Phibun Rak Hospital,Udon Thani,Phibun Rak,30,Public,
Phichai Hospital,Uttaradit,Phichai,70,Public,
Phichit Hospital,Phichit,Mueang,400,Public,
Phimai Hospital,Nakhon Ratchasima,Phimai,189,Public,
Phimai Medical Hospital,Nakhon Ratchasima,,,Private,
Phimon Rat Hospital,Nonthaburi,Bang Bua Thong,30,,
Phipun Hospital,Nakhon Si Thammarat,Phipun,33,Public,
Phisaivech Hospital,Nong Khai,,,Private,
Phlapphla Chai Hospital,Buriram,Phlapphla Chai,46,Public,
Pho Chai Hospital,Roi Et,Pho Chai,30,Public,
Pho Prathap Chang Hospital,Phichit,Pho Prathap Chang,30,Public,
Pho Sai Hospital,Ubon Ratchathani,Pho Sai,40,Public,
Pho Si Suwan Hospital,Sisaket,Pho Si Suwan,30,Public,
Pho Tak Hospital,Nong Khai,Pho Tak,15,Public,
Pho Thale Hospital,Phichit,Pho Thale,45,Public,
Pho Thong Hospital,Ang Thong,Pho Thong,60,Public,
Phon Charoen Hospital,Bueng Kan,Phon Charoen,37,Public,
Phon Hospital,Khon Kaen,Phon,117,Public,
Phon Na Kaeo Hospital,Sakon Nakhon,Phon Na Kaeo,34,Public,
Phon Phisai Hospital,Nong Khai,Phon Phisai,129,Public,
Phon Sai Hospital,Roi Et,Phon Sai,31,Public,
Phon Sawan Hospital,Nakhon Phanom,Phon Sawan,50,Public,
Phon Thong Hospital,Roi Et,Phon Thong,213,Public,
Phop Phra Hospital,Tak,Phop Phra,136,Public,
Phortan Khlai Vajasit (Chang Klang) Hospital,Nakhon Si Thammarat,,,Public,
Photharam Hospital,Ratchaburi,Photharam,340,Public,
Phra Achan Ban Thanakaro Hospital,Sakon Nakhon,Phu Phan,40,Public,
Phra Achan Fan Acharo Hospital,Sakon Nakhon,Phanna Nikhom,90,Public,
Phra Chulachomklao Fort Hospital,Samut Prakan,,,Public,
Phra Nakhon Si Ayutthaya Hospital,Ayutthaya,,,Public,
Phra Nakhon Si Ayutthaya Hospital,Phra Nakhon Si Ayutthaya,Mueang,560,,
Phra Nang Klao Hospital,Nonthaburi,Mueang,657,Public,
Phra Phrom Hospital,Nakhon Si Thammarat,Phra Phrom,60,Public,
Phra Phutthabat Hospital,Saraburi,Phra Phutthabat,315,Public,
Phra Saeng Hospital,Surat Thani,,,Public,
Phra Samut Chedi Sawatayanon Hospital,Samut Prakan,Phra Samut Chedi,52,Public,
Phra Thong Kham Chaloem Phrakiat Hospital,Nakhon Ratchasima,Phra Thong Kham,30,,
Phra Thongkham Chaloem Phrakiat Hospital Marking His Majesty the King's 80th Birthday,Nakhon Ratchasima,,,Public,
Phra Yuen Hospital,Khon Kaen,Phra Yuen,34,Public,
Phrachomklao Hospital,Phetchaburi,Mueang,463,,
Phrae Christian Hospital,Phrae,,,Private,
Phrae Hospital,Phrae,Mueang,568,Public,
Phrae-Ram Hospital,Phrae,,,Private,
Phrai Bueng Hospital,Sisaket,Phrai Bueng,33,Public,
Phramongkutklao Hospital,Bangkok,,,Public,
Phran Kratai Hospital,Kamphaeng Phet,Phran Kratai,66,Public,
Phrao Hospital,Chiang Mai,Phrao,60,Public,
Phrapokklao Hospital,Chanthaburi,,,Public,
Phrasaeng Hospital,Surat Thani,Phrasaeng,60,,
Phrom Buri Hospital,Singburi,Phrom Buri,28,Public,
Phrom Khiri Hospital,Nakhon Si Thammarat,Phrom Khiri,30,Public,
Phrom Phiram Hospital,Phitsanulok,Phrom Phiram,50,Public,
Phu Kamyao Hospital,Phayao,Phu Kamyao,0,Public,
Phu Khiao Chaloem Phra Kiat Hospital,Chaiyaphum,Phu Khiao,324,Public,
Phu Kradueng Hospital,Loei,Phu Kradueng,32,Public,
Phu Luang Hospital,Loei,Phu Luang,40,Public,
Phu Pha Man Hospital,Khon Kaen,Phu Pha Man,30,Public,
Phu Phiang Hospital,Nan,Phu Phiang,20,Public,
Phu Ruea Hospital,Loei,Phu Ruea,30,Public,
Phu Sang Hospital,Phayao,Phu Sang,0,Public,
Phu Sing Hospital,Sisaket,Phu Sing,34,Public,
Phu Wiang Hospital,Khon Kaen,Phu Wiang,60,Public,
Phuket International Hospital,Phuket,,,Private,
Phun Phin Hospital,Surat Thani,,,Public,
Phunphin Hospital,Surat Thani,Phunphin,60,,
Phutthaisong Hospital,Buriram,Phutthaisong,67,Public,
Phutthamonthon Hospital,Nakhon Pathom,Phutthamonthon,34,Public,
Phyathai 1 Hospital,Bangkok,,,Private,
Phyathai 2 Hospital,Bangkok,,,Private,
Phyathai 3 Hospital,Bangkok,,,Private,
Phyathai Siracha Hospital,Chonburi,,,Private,
Pitsanuvej Hospital,Phitsanulok,,,Private,
Piyamin Hospital,Samut Prakan,,,Private,
Piyarak Hospital,Phatthalung,,,Private,
Piyavate Hospital,Bangkok,,,Private,
Piyavate Hospital Bowin,Chonburi,,,Private,
Pla Pak Hospital,Nakhon Phanom,Pla Pak,30,Public,
Plaeng Yao Hospital,Chachoengsao,Plaeng Yao,73,Public,
Plai Phraya Hospital,Krabi,Plai Phraya,53,Public,
Pluak Daeng Hospital,Rayong,Pluak Daeng,76,Public,
Poei Noi Hospital,Khon Kaen,Poei Noi,30,Public,
Polgamnerdsiri Hospital,Phetchaburi,,,Private,
Police General Hospital,Bangkok,,,Public,
Pong Hospital,Phayao,Pong,33,Public,
Pong Nam Ron Hospital,Chanthaburi,Pong Nam Ron,69,Public,
Pornchai Hospital,Suphanburi,,,Private,
Porthan Khlai Vajasit Hospital,Nakhon Si Thammarat,Chang Klang,31,,
Prachaksinlapakhom Hospital,Udon Thani,Prachaksinlapakhom,30,Public,
Prachantakham Hospital,Prachinburi,Prachantakham,33,Public,
Pracharak Wetchakarn Hospital,Sisaket,,,Private,
Prachathipat Hospital,Pathum Thani,Thanyaburi,37,Public,
Prachuap Khiri Khan Hospital,Prachuap Khiri Khan,Mueang,278,Public,
Prakhon Chai Hospital,Buriram,Prakhon Chai,170,Public,
Pran Buri Hospital,Prachuap Khiri Khan,Pran Buri,60,Public,
Prang Ku Hospital,Sisaket,Prang Ku,60,Public,
Prapokklao Hospital,Chanthaburi,Mueang,747,,
Praram 2 Hospital,Bangkok,,,Private,
Praram 9 Hospital,Bangkok,,,Private,
Prasarnmit Hospital,Bangkok,,,Public,
Prasat Hospital,Surin,Prasat,265,Public,
Prasat Neurological Institute,Bangkok,,,Public,Neurology
Prasrimahabhodi Psychiatric Hospital,Ubon Ratchathani,,,Public,Psychiatry
Prathai Hospital,Nakhon Ratchasima,Prathai,72,Public,
Priest Hospital,Bangkok,,,Public,
Prince Maha Vajiralongkorn 50th Birthday Hospital,Ubon Ratchathani,,,Public,
Prince of Songkla University Dental Hospital,Songkhla,,,Public,Dentistry
Promphat Hospital,Ratchaburi,,,Private,
Pua Crown Prince Hospital,Nan,Pua,120,Public,
Queen Savang Vadhana Memorial Hospital,Chonburi,,,Public,
Queen Sirikit Heart Center of the Northeast,Khon Kaen,,,Public,
Queen Sirikit National Institute of Child Health,Bangkok,,,Public,Paediatrics
Queen Sirikit Naval Hospital,Chonburi,,,Public,
Ra-ngae Hospital,Narathiwat,Ra-ngae,134,Public,
Radiotherapy and Nuclear Medicine Hospital,Phitsanulok,,,Private,
Rajanagarindra Institute of Child Development,Chiang Mai,,,Public,Psychiatry
Rajanukul Institute,Bangkok,,,Public,Psychiatry
Rajavej Hospital,Chiang Mai,,,Private,
Rajavej Hospital,Ubon Ratchathani,,,Private,
Rajavithi Hospital,Bangkok,,,Public,
Rajburana Hospital,Bangkok,,,Private,
Rajthanee Hospital,Ayutthaya,,,Private,
Rajyindee Hospital,Songkhla,,,Private,
Rak Sakon Hospital,Sakon Nakhon,,,Private,
Raman Hospital,Yala,Raman,90,Public,
Ramathibodi Chakri Naruebodindra Hospital (Chakri Naruebodindra Medical Institute),Samut Prakan,,,Public,
Ramathibodi Hospital,Bangkok,,,Public,
Ramkhamhaeng Hospital,Bangkok,,,Private,
Rangsit General Hospital,Pathum Thani,,,Private,
Ranong Hospital,Ranong,Mueang,300,Public,
Ranot Hospital,Songkhla,Ranot,62,Public,
Rasi Salai Hospital,Sisaket,Rasi Salai,90,Public,
Ratanavej 2 Hospital,Phitsanulok,,,Private,
Ratanavej Hospital,Phitsanulok,,,Private,
Ratchaburi Hospital,Ratchaburi,Mueang,855,Public,
Ratchada-Tha Phra Health Centre,Bangkok,,,Private,
Ratchadamnoen Hospital,Trang,,,Private,
Ratchaphiphat Hospital,Bangkok,,,Public,
Ratchaphruek Hospital,Khon Kaen,,,Private,
Ratchapracha Samasai Institute,Samut Prakan,,,Public,Dermatology
Ratchasan Hospital,Chachoengsao,Ratchasan,13,Public,
Ratrin Hospital,Samut Prakan,,,Private,
Ratsada Hospital,Trang,Ratsada,49,Public,
Rattana Phaet Hospital,Udon Thani,,,Private,
Rattanaburi Hospital,Surin,Rattanaburi,130,Public,
Rattanathibet Medical Center,Nonthaburi,,,Private,
Rattanavej Hospital,Nakhon Sawan,,,Private,
Rattanawapi Hospital,Nong Khai,Rattanawapi,30,Public,
Rattaphum Hospital,Songkhla,Rattaphum,73,Public,
Rayong Hospital,Rayong,Mueang,679,Public,
Renu Nakhon Hospital,Nakhon Phanom,Renu Nakhon,30,Public,
Rhuampath Chainat Hospital,Chainat,,,Private,
Rhuampath Chiangmai Hospital,Chiang Mai,,,Private,
Roamklao Hospital,Ubon Ratchathani,,,Private,
Roi Et Hospital,Roi Et,Mueang,881,Public,
Roi-Et Thonburi Hospital,Roi Et,,,Private,
Romchat Hospital,Nakhon Sawan,,,Private,
Ron Phibun Hospital,Nakhon Si Thammarat,Ron Phibun,83,Public,
Rong Kham Hospital,Kalasin,Rong Kham,30,Public,
Rong Kwang Hospital,Phrae,Rong Kwang,41,Public,
Roumpath Sukhothai Hospital,Sukhothai,,,Private,
Royal Thai Air Force Wing 1 Hospital,Nakhon Ratchasima,,,Public,
Royal Thai Air Force Wing 2 Hospital,Lopburi,,,Public,
Royal Thai Air Force Wing 21 Hospital,Ubon Ratchathani,,,Public,
Royal Thai Air Force Wing 23 Hospital,Udon Thani,,,Public,
Royal Thai Air Force Wing 4 Hospital,Nakhon Sawan,,,Public,
Royal Thai Air Force Wing 41 Hospital,Chiang Mai,,,Public,
Royal Thai Air Force Wing 46 Hospital,Phitsanulok,,,Public,
Royal Thai Air Force Wing 53 Hospital,Prachuap Khiri Khan,,,Public,
Royal Thai Air Force Wing 56 Hospital,Songkhla,,,Public,
Royal Thai Air Force Wing 67 Hospital,Surat Thani,,,Public,
Royal Thai Naval Academy Hospital,Samut Prakan,,,Public,
Ruam Phaet Hospital,Krabi,,,Private,
Ruam Phaet Hospital,Phatthalung,,,Private,
Ruam Phaet Nakhon Sawan Hospital,Nakhon Sawan,,,Private,
Ruamchai Pracharak Hospital,Samut Prakan,,,Private,
Ruampaet Hospital (Dr. Anan),Surin,,,Private,
Ruampat Rayong Hospital,Rayong,,,Private,
Ruamphaet Nongkhai Hospital,Nong Khai,,,Private,
Ruamphat Pitsanulok Hospital,Phitsanulok,,,Private,
Ruamphat Thungsong Hospital,Nakhon Si Thammarat,,,Private,
Rue So Hospital,Narathiwat,,,Public,
Rueso Hospital,Narathiwat,Rueso,82,,
Rutnin Eye Hospital,Bangkok,,,Private,
Sa Bot Hospital,Lopburi,Sa Bot,30,Public,
Sa Kaeo Crown Prince Hospital,Sa Kaeo,Mueang,466,Public,
Sa Kaeo Rajanakarindra Psychiatric Hospital,Sa Kaeo,,,Public,Psychiatry
Sa Khrai Hospital,Nong Khai,Sa Khrai,30,Public,
Saba Yoi Hospital,Songkhla,Saba Yoi,30,Public,
Sadao Hospital,Songkhla,Sadao,74,Public,
Sahatsakhan Hospital,Kalasin,Sahatsakhan,40,Public,
Sahavej Hospital,Phichit,,,Private,
Sai Buri Crown Prince Hospital,Pattani,Sai Buri,135,Public,
Sai Mun Hospital,Yasothon,Sai Mun,30,Public,
Sai Ngam Hospital,Kamphaeng Phet,Sai Ngam,30,Public,
Sai Noi Hospital,Nonthaburi,Sai Noi,60,Public,
Sai Thong Watthana Hospital,Kamphaeng Phet,Sai Thong Watthana,30,Public,
Sai Yok Hospital,Kanchanaburi,Sai Yok,58,Public,
Saimai Hospital,Bangkok,,,Private,
Saint Louis Hospital,Bangkok,,,Private,
Saint Mary's Hospital,Nakhon Ratchasima,,,Private,
Saint Peter Eye Hospital,Chiang Mai,,,Private,
Sak Lek Hospital,Phichit,Sak Lek,19,Public,
Sakon Nakhon Hospital,Sakon Nakhon,Mueang,907,Public,
Salaya Hospital,Nakhon Pathom,,,Private,
Salaya Nursing Home,Nakhon Pathom,,,Private,
Sam Chai Hospital,Kalasin,Sam Chai,30,Public,
Sam Chuk Hospital,Suphan Buri,Sam Chuk,83,,
Sam Chuk Hospital,Suphanburi,,,Public,
Sam Khok Hospital,Pathum Thani,Sam Khok,36,Public,
Sam Ko Hospital,Ang Thong,Sam Ko,36,Public,
Sam Ngam Hospital,Phichit,Sam Ngam,30,Public,
Sam Ngao Hospital,Tak,Sam Ngao,36,Public,
Sam Phran Hospital,Nakhon Pathom,Sam Phran,136,Public,
Sam Roi Yot Hospital,Prachuap Khiri Khan,Sam Roi Yot,90,Public,
Sam Sung Hospital,Khon Kaen,Sam Sung,30,Public,
Samitivej Srinakarin Hospital,Bangkok,,,Private,
Samitivej Sriracha Hospital,Chonburi,,,Private,
Samitivej Sukhumvit Hospital,Bangkok,,,Private,
Samoeng Hospital,Chiang Mai,Samoeng,37,Public,
Samreang General Hospital,Suphanburi,,,Private,
Samrong General Hospital,Samut Prakan,,,Private,
Samrong Hospital,Ubon Ratchathani,Samrong,30,Public,
Samrong Thap Hospital,Surin,Samrong Thap,66,Public,
Samui International Hospital,Surat Thani,,,Private,
Samut Prakan Hospital,Samut Prakan,Mueang,594,Public,
Samut Sakhon Hospital,Samut Sakhon,Mueang,693,Public,
Samut Songkhram Hospital,Samut Songkhram,,,Public,
San Camillo Hospital,Ratchaburi,,,Private,
San Kamphaeng Hospital,Chiang Mai,San Kamphaeng,50,Public,
San Pa Tong Hospital,Chiang Mai,San Pa Tong,196,Public,
San Paulo Hua-Hin Hospital,Prachuap Khiri Khan,,,Private,
San Sai Hospital,Chiang Mai,San Sai,234,Public,
Sanam Chai Khet Hospital,Chachoengsao,Sanam Chai Khet,150,Public,
Sanam Chan Hospital,Nakhon Pathom,,,Private,
Sang Khom Hospital,Udon Thani,Sang Khom,30,Public,
Sangkha Hospital,Surin,Sangkha,216,Public,
Sangkhla Buri Hospital,Kanchanaburi,Sangkhla Buri,61,Public,
Sangkhom Hospital,Nong Khai,Sangkhom,30,Public,
Sankhaburi Hospital,Chai Nat,Sankhaburi,60,,
Sankhaburi Hospital,Chainat,,,Public,
Sanom Hospital,Surin,Sanom,39,Public,
Santisuk Hospital,Nan,Santisuk,24,Public,
Sao Hai Chaloem Phrakiat Hospital,Saraburi,Sao Hai,28,,
Sao Hai Hospital,Saraburi,,,Public,
Sap Yai Hospital,Chaiyaphum,Sap Yai,30,,
Sapphaya Hospital,Chai Nat,Sapphaya,30,,
Sapphaya Hospital,Chainat,,,Public,
Saraburi Hospital,Saraburi,Mueang,700,Public,
Saraphi Hospital,Chiang Mai,Saraphi,71,Public,
Sathan Phra Barami Hospital,Kanchanaburi,,,Public,
Sathing Phra Hospital,Songkhla,Sathing Phra,42,Public,
Sattahip K.M. 10 Hospital,Chonburi,Sattahip,66,Public,
Satuek Hospital,Buriram,Satuek,135,Public,
Satun Hospital,Satun,Mueang,300,Public,
Sawaeng Ha Hospital,Ang Thong,Sawaeng Ha,48,Public,
Sawang Arom Hospital,Uthai Thani,Sawang Arom,30,Public,
Sawang Daen Din Crown Prince Hospital,Sakon Nakhon,Sawang Daen Din,276,Public,
Sawang Wirawong Hospital,Ubon Ratchathani,Sawang Wirawong,30,Public,
Sawankhalok Hospital,Sukhothai,Sawankhalok,111,Public,
Sawanpracharak Hospital,Nakhon Sawan,Mueang,749,Public,
Sawi Hospital,Chumphon,Sawi,66,Public,
Seka Hospital,Bueng Kan,Seka,125,Public,
Selaphum Hospital,Roi Et,Selaphum,112,Public,
Sena Hospital,Ayutthaya,,,Public,
Sena Hospital,Phra Nakhon Si Ayutthaya,Sena,208,,
Senangkhanikhom Hospital,Amnat Charoen,Senangkhanikhom,30,Public,
Seriruk Hospital,Bangkok,,,Private,
Si Banphot Hospital,Phatthalung,Si Banphot,30,Public,
Si Bun Rueang Hospital,Nong Bua Lamphu,Si Bun Rueang,90,Public,
Si Chiang Mai Hospital,Chiang Mai,,,Public,
Si Chiang Mai Hospital,Nong Khai,Si Chiang Mai,30,Public,
Si Chomphu Hospital,Khon Kaen,Si Chomphu,78,Public,
Si Maha Phot Hospital,Prachinburi,Si Maha Phot,66,Public,
Si Mahosot Hospital,Prachinburi,Si Mahosot,30,Public,
Si Mueang Mai Hospital,Ubon Ratchathani,Si Mueang Mai,60,Public,
Si Nakhon Hospital,Sukhothai,Si Nakhon,30,Public,
Si Narong Hospital,Surin,Si Narong,36,Public,
Si Prachan Hospital,Suphan Buri,Si Prachan,60,,
Si Prachan Hospital,Suphanburi,,,Public,
Si Rattana Hospital,Sisaket,Si Rattana,70,Public,
Si Sakhon Hospital,Narathiwat,Si Sakhon,54,Public,
Si Satchanalai Hospital,Sukhothai,Si Satchanalai,60,Public,
Si Somdet Hospital,Roi Et,Si Somdet,37,Public,
Si Songkhram Hospital,Nakhon Phanom,Si Songkhram,90,Public,
Si That Hospital,Udon Thani,Si That,30,Public,
Si Thep Hospital,Phetchabun,Si Thep,57,Public,
Si Wilai Hospital,Bueng Kan,Si Wilai,38,Public,
Siamrad Hospital Chiangmai,Chiang Mai,,,Private,
Sichon Hospital,Nakhon Si Thammarat,Sichon,306,Public,
Sida Hospital,Nakhon Ratchasima,Sida,24,Public,
Sikao Hospital,Trang,Sikao,48,Public,
Sikarin Hatyai Hospital,Songkhla,,,Private,
Sikarin Hospital,Bangkok,,,Private,
Sikhio Hospital,Nakhon Ratchasima,Sikhio,145,Public,
Sikhoraphum Hospital,Surin,Sikhoraphum,227,Public,
Sila Lat Hospital,Sisaket,Sila Lat,30,Public,
Sing Buri Hospital,Sing Buri,Mueang,282,,
Singburi Hospital,Singburi,,,Public,
Singburi Vechakarn Hospital,Singburi,,,Private,
Singhanakhon Hospital,Songkhla,Singhanakhon,30,Public,
Sirindhorn Hospital,Bangkok,,,Public,
Sirindhorn Hospital,Khon Kaen,Mueang,170,Public,
Sirindhorn Hospital,Ubon Ratchathani,Sirindhorn,30,Public,
Sirindhorn National Medical Rehabilitation Centre,Nonthaburi,,,Public,PM&R
Sirindhorn Red Cross Health Station,Nakhon Si Thammarat,,,Public,
Siriraj Hospital,Bangkok,,,Public,
Siriraj Piyamaharajkarun Hospital,Bangkok,,,Public,
Sirivej Hospital Chanthaburi,Chanthaburi,,,Private,
Sirivej Lamphun Hospital,Lamphun,,,Private,
Siroros Hospital,Yala,,,Private,
Sisaket Hospital,Sisaket,Mueang,853,Public,
So Phisai Hospital,Bueng Kan,So Phisai,73,Public,
Soem Ngam Hospital,Lampang,Soem Ngam,30,Public,
Soeng Sang Hospital,Nakhon Ratchasima,Soeng Sang,60,Public,
Soi Dao Hospital,Chanthaburi,Soi Dao,62,Public,
Somdej Phra Phutthaloetla Hospital,Samut Songkhram,Mueang,282,,
Somdejphrajaotaksin Maharaj Hospital,Tak,Mueang,329,,
Somdejphrasangkharach XVII Hospital,Suphan Buri,Song Phi Nong,262,,
Somdejprasangkharach XIX Hospital,Kanchanaburi,Tha Muang,141,,
Somdejprasangkharach XVII Hospital,Suphanburi,,,Public,
Somdet Chaopraya Institute of Psychiatry,Bangkok,,,Public,Psychiatry
Somdet Hospital,Kalasin,Somdet,114,Public,
Somdet Phra Pinklao Hospital,Bangkok,,,Public,
Somdet Phra Piya Maharat Rommaniyakhet Hospital,Kanchanaburi,Sai Yok,30,Public,
Somdet Phra Sangkharat Wassanamahatayra (Nakhon Luang) Hospital,Ayutthaya,,,Public,
Somdet Phra Sangkharat Wassanamahatayra Hospital,Phra Nakhon Si Ayutthaya,Nakhon Luang,45,,
Somdet Phra Yanasangwon (Wiang Chai) Hospital,Chiang Rai,,,Public,
Somdet Phra Yanasangwon Hospital,Chiang Rai,Wiang Chai,30,,
Somdet Phrachao Taksin Maharat Hospital,Tak,,,Public,
Song Dao Hospital,Sakon Nakhon,Song Dao,38,Public,
Song Hospital,Phrae,Song,55,Public,
Song Khwae Hospital,Nan,Song Khwae,15,Public,
Song Phi Nong Hospital,Chanthaburi,Song Phi Nong,32,Public,
Songkhla Drug Dependence Treatment Center,Songkhla,,,Public,
Songkhla Hospital,Songkhla,Mueang,508,Public,
Songkhla Naval Base Hospital,Songkhla,,,Public,
Songkhla Rajanakarindra Psychiatric Hospital,Songkhla,,,Public,Psychiatry
Songklanagarind Hospital,Songkhla,,,Public,
Sop Moei Hospital,Mae Hong Son,Sop Moei,30,Public,
Sop Prap Hospital,Lampang,Sop Prap,30,Public,
Sotaravej Hospital,Chachoengsao,,,Private,
Sothonwet Hospital,Prachinburi,,,Private,
Srinagarind Hospital,Khon Kaen,,,Public,
Srinagarindra (Panyananthaphikkhu) Hospital,Phatthalung,Srinagarindra,30,Public,
Srisangwan Hospital,Mae Hong Son,Mueang,154,Public,
Srisangwon Sukhothai Hospital,Sukhothai,Si Samrong,307,Public,
Srisawan Hospital,Nakhon Sawan,,,Private,
Srisukho Health Centre,Phichit,,,Private,
Srithanya Hospital,Nonthaburi,,,Public,Psychiatry
Srivichai 2 Hospital,Bangkok,,,Private,
Srivichai 3 Hospital,Samut Sakhon,,,Private,
Srivichai 5 Hospital,Samut Sakhon,,,Private,
Srivichai Hospital,Bangkok,,,Private,
Srivichai Suratthani Hospital,Surat Thani,,,Private,
Su-ngai Kolok Hospital,Narathiwat,Su-ngai Kolok,212,Public,
Su-ngai Padi Hospital,Narathiwat,Su-ngai Padi,41,Public,
Suan Phueng Hospital,Ratchaburi,Suan Phueng,60,Public,
Suan Saranrom Psychiatric Hospital,Surat Thani,,,Public,Psychiatry
Suanprung Psychiatric Hospital,Chiang Mai,,,Public,Psychiatry
Suddhavej Hospital,Maha Sarakham,,,Public,
Suk Samran Hospital,Ranong,Suk Samran,10,Public,
Suk Siri Si Sawat Hospital,Kanchanaburi,Si Sawat,10,Public,
Sukavet Nursing Home,Bangkok,,,Private,
Sukhirin Hospital,Narathiwat,Sukhirin,35,Public,
Sukhothai Hospital,Sukhothai,Mueang,320,Public,
Sukhumvit Hospital,Bangkok,,,Private,
Sung Men Hospital,Phrae,Sung Men,64,Public,
Sung Noen Hospital,Nakhon Ratchasima,Sung Noen,117,Public,
Sunpasithiprasong Hospital,Ubon Ratchathani,,,Public,
Sunpasitthiprasong Hospital,Ubon Ratchathani,Mueang,1188,,
Supamitr General Hospital,Suphanburi,,,Private,
Supamitr Sena Hospital,Ayutthaya,,,Private,
Suranaree University of Technology Hospital (SUTH),Nakhon Ratchasima,,,Public,
Surat Thani Cancer Center,Surat Thani,,,Public,Oncology
Surat Thani Hospital,Surat Thani,Mueang,885,Public,
Surin Hospital,Surin,Mueang,914,Public,
Surin Ruam Phaet Hospital,Surin,,,Private,
Sutthisan Hospital,Bangkok,,,Private,
Suwannakhuha Hospital,Nong Bua Lamphu,Suwannakhuha,40,Public,
Suwannaphum Hospital,Roi Et,Suwannaphum,181,Public,
Synphaet Hospital,Bangkok,,,Private,
Ta Phraya Hospital,Sa Kaeo,Ta Phraya,53,Public,
Tak Bai Hospital,Narathiwat,Tak Bai,100,Public,
Tak Fa Hospital,Nakhon Sawan,Tak Fa,30,Public,
Takhli Hospital,Nakhon Sawan,Takhli,90,Public,
Taksin Hospital,Bangkok,,,Public,
Takua Pa Hospital,Phang Nga,Takua Pa,209,Public,
Takua Thung Hospital,Phang Nga,Takua Thung,36,Public,
Tamot Hospital,Phatthalung,Tamot,31,Public,
Tan Sum Hospital,Ubon Ratchathani,Tan Sum,30,Public,
Tao Ngoi Hospital,Sakon Nakhon,Tao Ngoi,35,Public,
Taphan Hin Crown Prince Hospital,Phichit,Taphan Hin,90,Public,
Teerawat Hospital,Kalasin,,,Private,
Tha Bo Crown Prince Hospital,Nong Khai,Tha Bo,266,Public,
Tha Chalom City (Samut Sakhon 3) Hospital,Samut Sakhon,Mueang,74,,
Tha Chana Hospital,Surat Thani,Tha Chana,30,Public,
Tha Chang Hospital,Singburi,Tha Chang,42,Public,
Tha Chang Hospital,Surat Thani,Tha Chang,30,Public,
Tha Khantho Hospital,Kalasin,Tha Khantho,60,Public,
Tha Kradan Hospital,Kanchanaburi,Si Sawat,32,Public,
Tha Li Hospital,Loei,Tha Li,35,Public,
Tha Luang Hospital,Lopburi,Tha Luang,38,Public,
Tha Mai Hospital,Chanthaburi,Tha Mai,33,Public,
Tha Muang Hospital,Kanchanaburi,,,Public,
Tha Phae Hospital,Satun,Tha Phae,69,Public,
Tha Pla Hospital,Uttaradit,Tha Pla,30,Public,
Tha Rong Chang Hospital,Surat Thani,Tha Rong Chang,90,Public,
Tha Ruea Hospital,Ayutthaya,,,Public,
Tha Ruea Hospital,Kanchanaburi,,,Private,
Tha Ruea Hospital,Phra Nakhon Si Ayutthaya,Tha Ruea,32,,
Tha Sae Hospital,Chumphon,Tha Sae,75,Public,
Tha Sala Hospital,Nakhon Si Thammarat,Tha Sala,300,Public,
Tha Song Yang Hospital,Tak,Tha Song Yang,100,Public,
Tha Takiap Hospital,Chachoengsao,Tha Takiap,45,Public,
Tha Tako Hospital,Nakhon Sawan,Tha Tako,60,Public,
Tha Tum Hospital,Surin,Tha Tum,140,Public,
Tha Uthen Hospital,Nakhon Phanom,Tha Uthen,40,Public,
Tha Wang Pha Hospital,Nan,Tha Wang Pha,45,Public,
Tha Wung Hospital,Lopburi,Tha Wung,52,Public,
Tha Yang Hospital,Phetchaburi,Tha Yang,78,Public,
Thai Charoen Hospital,Yasothon,Thai Charoen,30,Public,
Thai Eye Center,Bangkok,,,Private,
Thai International Hospital,Surat Thani,,,Private,
Thai Mueang Chaiphat Hospital,Phang Nga,Thai Mueang,33,Public,
Thai Red Cross Rehabilitation Center,Samut Prakan,,,Public,PM&R
Thai Red Cross Relief and Public Health Bureau,Bangkok,,,Public,
Thailand Tobacco Monopoly Hospital,Bangkok,,,Public,
Thainakarin Hospital,Bangkok,,,Private,
Thaksin Hospital,Surat Thani,,,Private,
Thalang Hospital,Phuket,Thalang,90,Public,
Tham Phannara Hospital,Nakhon Si Thammarat,Tham Phannara,26,Public,
Thammasat University Hospital,Pathum Thani,,,Public,
Than To Hospital,Yala,Than To,36,Public,
Thanakan Hospital,Kanchanaburi,,,Private,
Thanyaburi Hospital,Pathum Thani,Thanyaburi,120,Public,
Thanyarak Institute,Pathum Thani,,,Public,
Thap Khlo Hospital,Phichit,Thap Khlo,28,Public,
Thap Put Hospital,Phang Nga,Thap Put,39,Public,
Thap Sakae Hospital,Prachuap Khiri Khan,Thap Sakae,60,Public,
Thap Than Hospital,Uthai Thani,Thap Than,90,Public,
That Phanom Crown Prince Hospital,Nakhon Phanom,That Phanom,234,Public,
Thatsanavet Hospital,Phichit,,,Private,
Thawat Buri Hospital,Roi Et,Thawat Buri,38,Public,
The 50th Anniversary Mahavajiralongkorn Hospital,Ubon Ratchathani,Mueang,258,,
The Golden Gate Hospital,Nakhon Ratchasima,,,Private,
The Senior Health Care,Bangkok,,,Private,
The Senior Health Care Ratchadaphisek,Bangkok,,,Private,
Thep Sathit Hospital,Chaiyaphum,Thep Sathit,38,Public,
Thepakorn Hospital,Nakhon Pathom,,,Private,
Thepha Hospital,Songkhla,Thepha,60,Public,
Thepharak Hospital,Nakhon Ratchasima,Thepharak,30,Public,
Theppanya Hospital,Chiang Mai,,,Private,
Theppharat Nakhon Ratchasima Hospital,Nakhon Ratchasima,,,Public,
Theptarin Hospital,Bangkok,,,Private,
Thian Fah Foundation Hospital,Bangkok,,,Private,
Thoen Hospital,Lampang,Thoen,87,Public,
Thoeng Hospital,Chiang Rai,Thoeng,90,Public,
Thonburi 2 Hospital,Bangkok,,,Private,
Thonburi Chumphon Hospital,Chumphon,,,Private,
Thonburi Hospital,Bangkok,,,Private,
Thonburi U Thong Hospital,Suphanburi,,,Private,
Thong Pha Phum Hospital,Kanchanaburi,Thong Pha Phum,95,Public,
Thong Saen Khan Hospital,Uttaradit,Thong Saen Khan,36,Public,
Thung Chang Hospital,Nan,Thung Chang,30,Public,
Thung Fon Hospital,Udon Thani,Thung Fon,30,Public,
Thung Hua Chang Hospital,Lamphun,Thung Hua Chang,30,Public,
Thung Khao Luang Hospital,Roi Et,Thung Khao Luang,10,Public,
Thung Pho Thale Hospital,Kamphaeng Phet,Thung Pho Thale,10,Public,
Thung Saliam Hospital,Sukhothai,Thung Saliam,40,Public,
Thung Si Udom Hospital,Ubon Ratchathani,Thung Si Udom,30,Public,
Thung Song Hospital,Nakhon Si Thammarat,Thung Song,330,Public,
Thung Tako Hospital,Chumphon,Thung Tako,30,Public,
Thung Wa Hospital,Satun,Thung Wa,30,Public,
Thung Yai Hospital,Nakhon Si Thammarat,Thung Yai,75,Public,
Thung Yang Daeng Hospital,Pattani,Thung Yang Daeng,30,Public,
Tong Sia Siang Teung Foundation Hospital,Songkhla,,,Private,
Trakan Phuet Phon Hospital,Ubon Ratchathani,Trakan Phuet Phon,176,Public,
Trang Hospital,Trang,Mueang,559,Public,
Trang Regional Center of Tropical Dermatology,Trang,,,Public,Dermatology
Trangruampat Hospital,Trang,,,Private,
Trat Hospital,Trat,Mueang,395,Public,
Tron Hospital,Uttaradit,Tron,35,Public,
Tulakan Chaloem Phrakiat Hospital,Nakhon Pathom,,,Public,
U Thong Hospital,Suphan Buri,U Thong,134,,
U Thong Hospital,Suphanburi,,,Public,
Ubolratana Hospital,Khon Kaen,Ubolratana,60,Public,
Ubon Ratchathani Cancer Center,Ubon Ratchathani,,,Public,Oncology
Ubon Ratchathani University Hospital,Ubon Ratchathani,,,Public,
Ubonrak Thonburi Hospital,Ubon Ratchathani,,,Private,
Udon Thani Cancer Center,Udon Thani,,,Public,Oncology
Udon Thani Drug Dependence Treatment Center,Udon Thani,,,Public,
Udon Thani Hospital,Udon Thani,Mueang,1143,Public,
Umphang Hospital,Tak,Umphang,75,Public,
University of Phayao Medical Center and Hospital,Phayao,,,Public,
Uthai Hospital,Ayutthaya,,,Public,
Uthai Hospital,Phra Nakhon Si Ayutthaya,Uthai,38,,
Uthai Thani Hospital,Uthai Thani,Mueang,365,Public,
Uthumphon Phisai Hospital,Sisaket,Uthumphon Phisai,130,Public,
Uttaradit Hospital,Uttaradit,Mueang,655,Public,
Vachira Phuket Hospital,Phuket,Mueang,550,Public,
Vajira Hospital,Bangkok,,,Public,
Veerapolkanpat Hospital,Nong Bua Lamphu,,,Private,
Vejprasit Hospital,Khon Kaen,,,Private,
Vejthani Hospital,Bangkok,,,Private,
Veterans General Hospital,Bangkok,,,Public,
Vibharam Hospital,Bangkok,,,Private,
Vibharam Laem Chabang Hospital,Chonburi,,,Private,
Vibhavadi Hospital,Bangkok,,,Private,
Vibhavadi Hospital,Surat Thani,Vibhavadi,30,Public,
Vibhavadi Piyarasd Hospital,Suphanburi,,,Private,
Vichaiyut Chronic Care Centre,Bangkok,,,Private,
Vichaiyut Hospital,Bangkok,,,Private,
Vichaiyut Medical Center,Bangkok,,,Private,
Viengvej Hospital,Surat Thani,,,Private,
Vincent Wood Health Centre,Lampang,,,Private,
Virajsilp Hospital,Chumphon,,,Private,
Wachirabarami Hospital,Phichit,Wachirabarami,30,Public,
Waeng Hospital,Narathiwat,Waeng,60,Public,
Waeng Noi Hospital,Khon Kaen,Waeng Noi,34,Public,
Waeng Yai Hospital,Khon Kaen,Waeng Yai,36,Public,
Walailak University Hospital,Nakhon Si Thammarat,,,Public,
Wan Yai Hospital,Mukdahan,Wan Yai,30,Public,
Wang Chan Hospital,Rayong,Wang Chan,43,Public,
Wang Chao Hospital,Tak,Wang Chao,30,Public,
Wang Chin Hospital,Phrae,Wang Chin,36,Public,
Wang Hin Hospital,Sisaket,Wang Hin,34,Public,
Wang Muang Hospital,Saraburi,,,Public,
Wang Muang Sattatham Hospital,Saraburi,Wang Muang,33,,
Wang Nam Khiao Hospital,Nakhon Ratchasima,Wang Nam Khiao,51,Public,
Wang Nam Yen Hospital,Sa Kaeo,Wang Nam Yen,76,Public,
Wang Noi Hospital,Ayutthaya,,,Public,
Wang Noi Hospital,Phra Nakhon Si Ayutthaya,Wang Noi,68,,
Wang Nuea Hospital,Lampang,Wang Nuea,30,Public,
Wang Pong Hospital,Phetchabun,Wang Pong,30,Public,
Wang Sai Phun Hospital,Phichit,Wang Sai Phun,30,Public,
Wang Sam Mo Hospital,Udon Thani,Wang Sam Mo,55,Public,
Wang Saphung Hospital,Loei,Wang Saphung,120,Public,
Wang Sombun Hospital,Sa Kaeo,Wang Sombun,34,Public,
Wang Thong Hospital,Phitsanulok,Wang Thong,68,Public,
Wang Wiset Hospital,Trang,Wang Wiset,34,Public,
Wang Yang Hospital,Nakhon Phanom,Wang Yang,20,Public,
Wanon Niwat Hospital,Sakon Nakhon,Wanon Niwat,264,Public,
Wapi Pathum Hospital,Maha Sarakham,Wapi Pathum,120,Public,
Warichaphum Hospital,Sakon Nakhon,Warichaphum,43,Public,
Warin Chamrap Hospital,Ubon Ratchathani,Warin Chamrap,264,Public,
Wat Bang Pla (Samut Sakhon 4) Hospital,Samut Sakhon,Mueang,74,,
Wat Bot Hospital,Phitsanulok,Wat Bot,30,Public,
Wat Chan Chaloem Phrakiat Hospital,Chiang Mai,Galyani Vadhana,25,,
Wat Chan Chaloem Phrakiat Hospital Marking His Majesty the King's 80th Birthday,Chiang Mai,,,Public,
Wat Ketmadeesriwararam (Samut Sakhon 2) Hospital,Samut Sakhon,Mueang,74,,
Wat Phleng Hospital,Ratchaburi,Wat Phleng,38,Public,
Wat Sing Hospital,Chai Nat,Wat Sing,30,Public,
Wat Sing Hospital,Chainat,,,Public,
Wat Yansangwararam Hospital,Chonburi,Bang Lamung,31,Public,
Wattanapat Hospital,Trang,,,Private,
Wattanavej Hospital,Ratchaburi,,,Private,
Wattanosoth Cancer hospital,Bangkok,,,Private,
Watthana Nakhon Hospital,Sa Kaeo,Watthana Nakhon,75,Public,
Wetchakarunrasm Hospital,Bangkok,,,Public,
Wiang Chiang Rung Hospital,Chiang Rai,Wiang Chiang Rung,30,Public,
Wiang Haeng Hospital,Chiang Mai,Wiang Haeng,30,Public,
Wiang Kaen Hospital,Chiang Rai,Wiang Kaen,34,Public,
Wiang Kao Hospital,Khon Kaen,Wiang Kao,0,Public,
Wiang Nong Long Hospital,Lamphun,Wiang Nong Long,16,Public,
Wiang Pa Pao Hospital,Chiang Rai,Wiang Pa Pao,81,Public,
Wiang Sa Crown Prince Hospital,Surat Thani,Wiang Sa,120,Public,
Wiang Sa Hospital,Nan,Wiang Sa,78,Public,
Wichian Buri Hospital,Phetchabun,Wichian Buri,243,Public,
Wihan Daeng Hospital,Saraburi,Wihan Daeng,48,Public,
Wiset Chai Chan Hospital,Ang Thong,Wiset Chai Chan,97,Public,
Yaha Crown Prince Hospital,Yala,Yaha,90,Public,
Yala Hospital,Yala,Mueang,553,Public,
Yan Ta Khao Hospital,Trang,Yan Ta Khao,94,Public,
Yang Chum Noi Hospital,Sisaket,Yang Chum Noi,33,Public,
Yang Si Surat Hospital,Maha Sarakham,Yang Si Surat,30,Public,
Yang Talat Hospital,Kalasin,Yang Talat,162,Public,
Yanhee Hospital,Bangkok,,,Private,
Yaowarak Hospital,Bangkok,,,Private,
Yarang Hospital,Pattani,Yarang,64,Public,
Yaring Hospital,Pattani,Yaring,69,Public,
Yasothon Hospital,Yasothon,Mueang,485,Public,
Yi Ngo Chaloem Phrakiat Hospital Marking His Majesty the King's 80th Birthday,Narathiwat,,,Public,
Yi-ngo Chaloem Phrakiat Hospital,Narathiwat,Yi-ngo,60,Public,
Yotse Hospital,Bangkok,,,Private,
Yuwaprasart Waithayopathum Hospital,Samut Prakan,,,Public,Psychiatry
